,Dataset ID,latitude degrees_north,longitude degrees_east,depth m min,depth m max,sea_water_practical_salinity,sea_water_temperature,cdm_data_type,server
0,scalar_118170,48.3167616667,-126.0501633333,985.0,985.0,,temperature,TimeSeries,http://dap.onc.uvic.ca/erddap
0,currents_118170,48.3167616667,-126.0501633333,,,,,TimeSeries,http://dap.onc.uvic.ca/erddap
0,scalar_118895,48.3167433333,-126.050125,985.0,985.0,,temperature,TimeSeries,http://dap.onc.uvic.ca/erddap
0,currents_118895,48.3167433333,-126.050125,,,,,TimeSeries,http://dap.onc.uvic.ca/erddap
0,scalar_1189222,48.3165166667,-126.0502166667,985.0,985.0,,temperature,TimeSeries,http://dap.onc.uvic.ca/erddap
0,currents_1189222,48.3165166667,-126.0502166667,,,,,TimeSeries,http://dap.onc.uvic.ca/erddap
0,scalar_1190536,48.316771666666,-126.050165,987.0,987.0,,temperature,TimeSeries,http://dap.onc.uvic.ca/erddap
0,currents_1190536,48.316771666666,-126.050165,,,,,TimeSeries,http://dap.onc.uvic.ca/erddap
0,scalar_1194368,48.316602,-126.050799,985.0,985.0,,temperature,TimeSeries,http://dap.onc.uvic.ca/erddap
0,currents_1194368,48.316602,-126.050799,,,,,TimeSeries,http://dap.onc.uvic.ca/erddap
0,scalar_1189655,48.3165166667,-126.0502166667,985.0,985.0,,,TimeSeries,http://dap.onc.uvic.ca/erddap
0,scalar_1190542,48.316583,-126.050796,982.0,982.0,,Temperature,TimeSeries,http://dap.onc.uvic.ca/erddap
0,scalar_1192794,48.316583,-126.050796,982.0,982.0,salinity,Temperature,TimeSeries,http://dap.onc.uvic.ca/erddap
0,scalar_1194359,48.316583,-126.050796,982.0,982.0,salinity,Temperature,TimeSeries,http://dap.onc.uvic.ca/erddap
0,scalar_1200145,48.31664,-126.050738,983.0,983.0,salinity,Temperature,TimeSeries,http://dap.onc.uvic.ca/erddap
0,scalar_1194361,48.316583,-126.050796,982.0,982.0,,,TimeSeries,http://dap.onc.uvic.ca/erddap
0,scalar_1200147,48.31664,-126.050738,983.0,983.0,,,TimeSeries,http://dap.onc.uvic.ca/erddap
0,scalar_1189656,48.3165166667,-126.0502166667,985.0,985.0,,temperature,TimeSeries,http://dap.onc.uvic.ca/erddap
0,scalar_1190543,48.316583,-126.050796,982.0,982.0,,temperature,TimeSeries,http://dap.onc.uvic.ca/erddap
0,scalar_1192795,48.316583,-126.050796,982.0,982.0,,temperature,TimeSeries,http://dap.onc.uvic.ca/erddap
0,scalar_1194360,48.316583,-126.050796,982.0,982.0,,temperature,TimeSeries,http://dap.onc.uvic.ca/erddap
0,scalar_1200146,48.31664,-126.050738,983.0,983.0,,temperature,TimeSeries,http://dap.onc.uvic.ca/erddap
0,scalar_1194087,48.37829828,-125.9217278,369.0,369.0,salinity,temperature,TimeSeries,http://dap.onc.uvic.ca/erddap
0,scalar_1194133,48.3332,-125.875583,380.0,380.0,salinity,temperature,TimeSeries,http://dap.onc.uvic.ca/erddap
0,scalar_1196717,48.3332,-125.87558298,415.0,415.0,salinity,temperature,TimeSeries,http://dap.onc.uvic.ca/erddap
0,scalar_1200697,48.33321733,-125.8755663,402.0,402.0,salinity,temperature,TimeSeries,http://dap.onc.uvic.ca/erddap
0,scalar_1194132,48.3332,-125.875583,380.0,380.0,,Temperature,TimeSeries,http://dap.onc.uvic.ca/erddap
0,scalar_1196714,48.3332,-125.87558298,415.0,415.0,,Temperature,TimeSeries,http://dap.onc.uvic.ca/erddap
0,scalar_1194138,48.3332,-125.875583,380.0,380.0,,,TimeSeries,http://dap.onc.uvic.ca/erddap
0,scalar_1196720,48.3332,-125.87558298,415.0,415.0,,,TimeSeries,http://dap.onc.uvic.ca/erddap
0,scalar_1189272,48.31208028,-126.06586077,871.0,871.0,,,TimeSeries,http://dap.onc.uvic.ca/erddap
0,scalar_1192789,48.31208028,-126.06586077,871.0,871.0,salinity,Temperature,TimeSeries,http://dap.onc.uvic.ca/erddap
0,scalar_1200624,48.31207382,-126.0658299,871.0,871.0,salinity,Temperature,TimeSeries,http://dap.onc.uvic.ca/erddap
0,scalar_1192791,48.31208028,-126.06586077,871.0,871.0,,,TimeSeries,http://dap.onc.uvic.ca/erddap
0,scalar_1189273,48.31208028,-126.06586077,871.0,871.0,,temperature,TimeSeries,http://dap.onc.uvic.ca/erddap
0,scalar_1192790,48.31208028,-126.06586077,871.0,871.0,,temperature,TimeSeries,http://dap.onc.uvic.ca/erddap
0,scalar_1200625,48.31207382,-126.0658299,871.0,871.0,,temperature,TimeSeries,http://dap.onc.uvic.ca/erddap
0,scalar_1194371,48.314901,-126.058533,895.0,895.0,,temperature,TimeSeries,http://dap.onc.uvic.ca/erddap
0,currents_1194371,48.314901,-126.058533,,,,,TimeSeries,http://dap.onc.uvic.ca/erddap
0,scalar_117206,48.314925,-126.0580216667,899.5,899.5,,Temperature,TimeSeries,http://dap.onc.uvic.ca/erddap
0,scalar_117641,48.3149116667,-126.0580083333,896.3,896.3,,Temperature,TimeSeries,http://dap.onc.uvic.ca/erddap
0,scalar_118186,48.3148716667,-126.0580066667,896.1,896.1,,,TimeSeries,http://dap.onc.uvic.ca/erddap
0,scalar_118900,48.3148816667,-126.0582216667,896.0,896.0,,Temperature,TimeSeries,http://dap.onc.uvic.ca/erddap
0,scalar_119070,48.3148583333,-126.0581866667,894.0,894.0,,Temperature,TimeSeries,http://dap.onc.uvic.ca/erddap
0,scalar_1189343,48.314913,-126.058465,896.0,896.0,,,TimeSeries,http://dap.onc.uvic.ca/erddap
0,scalar_1190578,48.314913,-126.058465,896.0,896.0,,,TimeSeries,http://dap.onc.uvic.ca/erddap
0,scalar_1194377,48.314913,-126.058465,896.0,896.0,salinity,Temperature,TimeSeries,http://dap.onc.uvic.ca/erddap
0,scalar_1200638,48.314899,-126.058466,895.0,895.0,salinity,Temperature,TimeSeries,http://dap.onc.uvic.ca/erddap
0,scalar_117688,48.3149116667,-126.0580083333,896.3,896.3,,,TimeSeries,http://dap.onc.uvic.ca/erddap
0,scalar_118187,48.3148716667,-126.0580066667,896.1,896.1,,,TimeSeries,http://dap.onc.uvic.ca/erddap
0,scalar_118901,48.3148816667,-126.0582216667,896.0,896.0,,,TimeSeries,http://dap.onc.uvic.ca/erddap
0,scalar_119071,48.3148583333,-126.0581866667,894.0,894.0,,,TimeSeries,http://dap.onc.uvic.ca/erddap
0,scalar_1189342,48.314913,-126.058465,896.0,896.0,,,TimeSeries,http://dap.onc.uvic.ca/erddap
0,scalar_1190580,48.314913,-126.058465,896.0,896.0,,,TimeSeries,http://dap.onc.uvic.ca/erddap
0,scalar_118902,48.3148816667,-126.0582216667,896.0,896.0,,temperature,TimeSeries,http://dap.onc.uvic.ca/erddap
0,scalar_119072,48.3148583333,-126.0581866667,894.0,894.0,,temperature,TimeSeries,http://dap.onc.uvic.ca/erddap
0,scalar_1189238,48.314775,-126.058355,895.0,895.0,,temperature,TimeSeries,http://dap.onc.uvic.ca/erddap
0,scalar_1189341,48.314913,-126.058465,896.0,896.0,,temperature,TimeSeries,http://dap.onc.uvic.ca/erddap
0,scalar_1190579,48.314913,-126.058465,896.0,896.0,,temperature,TimeSeries,http://dap.onc.uvic.ca/erddap
0,scalar_1194378,48.314913,-126.058465,896.0,896.0,,temperature,TimeSeries,http://dap.onc.uvic.ca/erddap
0,scalar_1200642,48.314899,-126.058466,895.0,895.0,,temperature,TimeSeries,http://dap.onc.uvic.ca/erddap
0,scalar_117210,48.31507,-126.0586716667,895.0,895.0,,temperature,TimeSeries,http://dap.onc.uvic.ca/erddap
0,currents_117210,48.31507,-126.0586716667,,,,,TimeSeries,http://dap.onc.uvic.ca/erddap
0,scalar_117633,48.3151083333,-126.05879,892.0,892.0,,temperature,TimeSeries,http://dap.onc.uvic.ca/erddap
0,currents_117633,48.3151083333,-126.05879,,,,,TimeSeries,http://dap.onc.uvic.ca/erddap
0,scalar_118190,48.3150666667,-126.0587733333,892.0,892.0,,temperature,TimeSeries,http://dap.onc.uvic.ca/erddap
0,currents_118190,48.3150666667,-126.0587733333,,,,,TimeSeries,http://dap.onc.uvic.ca/erddap
0,scalar_118377,48.3150866667,-126.0587533333,892.0,892.0,,temperature,TimeSeries,http://dap.onc.uvic.ca/erddap
0,currents_118377,48.3150866667,-126.0587533333,,,,,TimeSeries,http://dap.onc.uvic.ca/erddap
0,scalar_118906,48.3150066667,-126.0589583333,890.0,890.0,,temperature,TimeSeries,http://dap.onc.uvic.ca/erddap
0,currents_118906,48.3150066667,-126.0589583333,,,,,TimeSeries,http://dap.onc.uvic.ca/erddap
0,scalar_1189310,48.31496,-126.0588333333,888.0,888.0,,temperature,TimeSeries,http://dap.onc.uvic.ca/erddap
0,currents_1189310,48.31496,-126.0588333333,,,,,TimeSeries,http://dap.onc.uvic.ca/erddap
0,scalar_1190593,48.3150829166666,-126.058747083333,889.0,889.0,,temperature,TimeSeries,http://dap.onc.uvic.ca/erddap
0,currents_1190593,48.3150829166666,-126.058747083333,,,,,TimeSeries,http://dap.onc.uvic.ca/erddap
0,scalar_1200128,48.345913,-126.157843,643.0,643.0,salinity,Temperature,TimeSeries,http://dap.onc.uvic.ca/erddap
0,scalar_1200130,48.345913,-126.157843,643.0,643.0,,temperature,TimeSeries,http://dap.onc.uvic.ca/erddap
0,currents_1190524,48.42689,-126.1745717,,,,,TimeSeries,http://dap.onc.uvic.ca/erddap
0,scalar_1190524,48.42689,-126.1745717,394.0,394.0,,temperature,TimeSeries,http://dap.onc.uvic.ca/erddap
0,profile_117226,48.4272533333,-126.174095,,,,Temperature,TimeSeriesProfile,http://dap.onc.uvic.ca/erddap
0,profile_117757,48.4273866667,-126.1741316667,,,,Temperature,TimeSeriesProfile,http://dap.onc.uvic.ca/erddap
0,profile_118837,48.4273733333,-126.1741266667,,,,Temperature,TimeSeriesProfile,http://dap.onc.uvic.ca/erddap
0,profile_1190485,48.42738167,-126.174155,,,,Temperature,TimeSeriesProfile,http://dap.onc.uvic.ca/erddap
0,profile_1200170,48.427712833,-126.174076666,,,,Temperature,TimeSeriesProfile,http://dap.onc.uvic.ca/erddap
0,profile_118840,48.4273733333,-126.1741266667,,,,Temperature,TimeSeriesProfile,http://dap.onc.uvic.ca/erddap
0,profile_1190483,48.42738167,-126.174155,,,,Temperature,TimeSeriesProfile,http://dap.onc.uvic.ca/erddap
0,profile_1200310,48.427712833,-126.174076666,,,,Temperature,TimeSeriesProfile,http://dap.onc.uvic.ca/erddap
0,profile_118836,48.4273733333,-126.1741266667,,,,,TimeSeriesProfile,http://dap.onc.uvic.ca/erddap
0,profile_1190486,48.42738167,-126.174155,,,,,TimeSeriesProfile,http://dap.onc.uvic.ca/erddap
0,profile_1200313,48.427712833,-126.174076666,,,,,TimeSeriesProfile,http://dap.onc.uvic.ca/erddap
0,profile_1190482,48.42738167,-126.174155,,,,,TimeSeriesProfile,http://dap.onc.uvic.ca/erddap
0,profile_1200309,48.427712833,-126.174076666,,,,,TimeSeriesProfile,http://dap.onc.uvic.ca/erddap
0,profile_1200315,48.427712833,-126.174076666,,,,temperature,TimeSeriesProfile,http://dap.onc.uvic.ca/erddap
0,scalar_117217,48.4270266667,-126.1749083333,392.0,392.0,,temperature,TimeSeries,http://dap.onc.uvic.ca/erddap
0,currents_117217,48.4270266667,-126.1749083333,,,,,TimeSeries,http://dap.onc.uvic.ca/erddap
0,scalar_117675,48.427025,-126.174645,395.9,395.9,,temperature,TimeSeries,http://dap.onc.uvic.ca/erddap
0,currents_117675,48.427025,-126.174645,,,,,TimeSeries,http://dap.onc.uvic.ca/erddap
0,scalar_118844,48.427025,-126.174645,396.0,396.0,,temperature,TimeSeries,http://dap.onc.uvic.ca/erddap
0,currents_118844,48.427025,-126.174645,,,,,TimeSeries,http://dap.onc.uvic.ca/erddap
0,scalar_1189208,48.4270666667,-126.1744,392.0,392.0,,temperature,TimeSeries,http://dap.onc.uvic.ca/erddap
0,currents_1189208,48.4270666667,-126.1744,,,,,TimeSeries,http://dap.onc.uvic.ca/erddap
0,scalar_1194397,48.426958,-126.174789,393.0,393.0,,temperature,TimeSeries,http://dap.onc.uvic.ca/erddap
0,currents_1194397,48.426958,-126.174789,,,,,TimeSeries,http://dap.onc.uvic.ca/erddap
0,scalar_1205198,48.42680724,-126.1754706,395.0,395.0,,temperature,TimeSeries,http://dap.onc.uvic.ca/erddap
0,currents_1205198,48.42680724,-126.1754706,,,,,TimeSeries,http://dap.onc.uvic.ca/erddap
0,scalar_117355,48.4274566667,-126.1745783333,396.0,396.0,,temperature,TimeSeries,http://dap.onc.uvic.ca/erddap
0,currents_117355,48.4274566667,-126.1745783333,,,,,TimeSeries,http://dap.onc.uvic.ca/erddap
0,scalar_117687,48.4274316667,-126.174625,396.4,396.4,,temperature,TimeSeries,http://dap.onc.uvic.ca/erddap
0,currents_117687,48.4274316667,-126.174625,,,,,TimeSeries,http://dap.onc.uvic.ca/erddap
0,scalar_118810,48.4274283333,-126.174665,395.0,395.0,,temperature,TimeSeries,http://dap.onc.uvic.ca/erddap
0,currents_118810,48.4274283333,-126.174665,,,,,TimeSeries,http://dap.onc.uvic.ca/erddap
0,scalar_1205224,48.427198,-126.174375,395.0,395.0,,temperature,TimeSeries,http://dap.onc.uvic.ca/erddap
0,currents_1205224,48.427198,-126.174375,,,,,TimeSeries,http://dap.onc.uvic.ca/erddap
0,scalar_117233,48.427275,-126.1748166667,397.7,397.7,,,TimeSeries,http://dap.onc.uvic.ca/erddap
0,scalar_118808,48.427275,-126.1748166667,396.0,396.0,,,TimeSeries,http://dap.onc.uvic.ca/erddap
0,scalar_119063,48.4272983333,-126.1747516667,392.0,392.0,,,TimeSeries,http://dap.onc.uvic.ca/erddap
0,scalar_1205214,48.427295,-126.174705,293.0,293.0,,,TimeSeries,http://dap.onc.uvic.ca/erddap
0,scalar_117354,48.4274566667,-126.1745783333,396.0,396.0,salinity,Temperature,TimeSeries,http://dap.onc.uvic.ca/erddap
0,scalar_117686,48.4274316667,-126.174625,396.4,396.4,salinity,Temperature,TimeSeries,http://dap.onc.uvic.ca/erddap
0,scalar_118809,48.4274283333,-126.174665,395.0,395.0,salinity,Temperature,TimeSeries,http://dap.onc.uvic.ca/erddap
0,scalar_1189201,48.42735,-126.1747233333,395.0,395.0,,,TimeSeries,http://dap.onc.uvic.ca/erddap
0,scalar_1190473,48.42740667,-126.174585,406.0,406.0,,Temperature,TimeSeries,http://dap.onc.uvic.ca/erddap
0,scalar_1192792,48.42740667,-126.174585,406.0,406.0,salinity,Temperature,TimeSeries,http://dap.onc.uvic.ca/erddap
0,scalar_1194404,48.42740667,-126.174585,406.0,406.0,salinity,Temperature,TimeSeries,http://dap.onc.uvic.ca/erddap
0,scalar_1200612,48.42742912,-126.1745865,395.0,395.0,salinity,Temperature,TimeSeries,http://dap.onc.uvic.ca/erddap
0,scalar_1202976,48.427373,-126.1743,395.2237,395.2237,,Temperature,TimeSeries,http://dap.onc.uvic.ca/erddap
0,scalar_1205219,48.427234,-126.174295,308.0,308.0,salinity,Temperature,TimeSeries,http://dap.onc.uvic.ca/erddap
0,scalar_1203032,48.427373,-126.1743,395.2237,395.2237,,,TimeSeries,http://dap.onc.uvic.ca/erddap
0,scalar_1189202,48.42735,-126.1747233333,395.0,395.0,,,TimeSeries,http://dap.onc.uvic.ca/erddap
0,profile_1190487,48.42738167,-126.174155,,,,temperature,TimeSeriesProfile,http://dap.onc.uvic.ca/erddap
0,scalar_1190474,48.42740667,-126.174585,406.0,406.0,,temperature,TimeSeries,http://dap.onc.uvic.ca/erddap
0,scalar_1192793,48.42740667,-126.174585,406.0,406.0,,,TimeSeries,http://dap.onc.uvic.ca/erddap
0,scalar_1194405,48.42740667,-126.174585,406.0,406.0,,temperature,TimeSeries,http://dap.onc.uvic.ca/erddap
0,scalar_1200616,48.42742912,-126.1745865,395.0,395.0,,temperature,TimeSeries,http://dap.onc.uvic.ca/erddap
0,profile_118833,48.4273733333,-126.1741266667,,,,,TimeSeriesProfile,http://dap.onc.uvic.ca/erddap
0,profile_1190481,48.42738167,-126.174155,,,,,TimeSeriesProfile,http://dap.onc.uvic.ca/erddap
0,profile_1200308,48.427712833,-126.174076666,,,,,TimeSeriesProfile,http://dap.onc.uvic.ca/erddap
0,scalar_1203031,48.427373,-126.1743,395.2237,395.2237,,temperature,TimeSeries,http://dap.onc.uvic.ca/erddap
0,scalar_1205223,48.427234,-126.174295,308.0,308.0,,temperature,TimeSeries,http://dap.onc.uvic.ca/erddap
0,scalar_117767,48.31194,-126.0658816667,871.0,871.0,,,TimeSeries,http://dap.onc.uvic.ca/erddap
0,scalar_118361,48.311765,-126.0654833333,857.0,857.0,,,TimeSeries,http://dap.onc.uvic.ca/erddap
0,scalar_118870,48.3117433333,-126.0653783333,860.0,860.0,,,TimeSeries,http://dap.onc.uvic.ca/erddap
0,scalar_1190562,48.3118233333,-126.065496667,864.0,864.0,,,TimeSeries,http://dap.onc.uvic.ca/erddap
0,scalar_1194113,48.31175,-126.065178333,861.0,861.0,,,TimeSeries,http://dap.onc.uvic.ca/erddap
0,scalar_117498,48.31198,-126.06612,867.0,867.0,,,TimeSeries,http://dap.onc.uvic.ca/erddap
0,scalar_118362,48.311765,-126.0654833333,857.0,857.0,,,TimeSeries,http://dap.onc.uvic.ca/erddap
0,scalar_118873,48.3117433333,-126.0653783333,860.0,860.0,,,TimeSeries,http://dap.onc.uvic.ca/erddap
0,scalar_117771,48.31194,-126.0658816667,871.0,871.0,,,TimeSeries,http://dap.onc.uvic.ca/erddap
0,scalar_118364,48.311765,-126.0654833333,857.0,857.0,,,TimeSeries,http://dap.onc.uvic.ca/erddap
0,scalar_1194117,48.31175,-126.065178333,861.0,861.0,,,TimeSeries,http://dap.onc.uvic.ca/erddap
0,scalar_1194118,48.31175,-126.065178333,861.0,861.0,,,TimeSeries,http://dap.onc.uvic.ca/erddap
0,scalar_1194852,69.113116666,-105.06408333,9.0,9.0,,Temperature,TimeSeries,http://dap.onc.uvic.ca/erddap
0,scalar_1191162,69.1137,-105.06082,6.0,6.0,,Temperature,TimeSeries,http://dap.onc.uvic.ca/erddap
0,scalar_1192522,69.11306172609329,-105.06416047923267,8.0,8.0,salinity,Temperature,TimeSeries,http://dap.onc.uvic.ca/erddap
0,scalar_1194846,69.113116666,-105.06408333,9.0,9.0,,Temperature,TimeSeries,http://dap.onc.uvic.ca/erddap
0,scalar_1197305,69.1129,-105.06403,9.0,9.0,salinity,Temperature,TimeSeries,http://dap.onc.uvic.ca/erddap
0,scalar_1200591,69.11289,-105.06391,8.0,8.0,,Temperature,TimeSeries,http://dap.onc.uvic.ca/erddap
0,scalar_1203544,69.113183333,-105.0644,8.0,8.0,salinity,Temperature,TimeSeries,http://dap.onc.uvic.ca/erddap
0,scalar_1192532,69.11306172609329,-105.06416047923267,8.0,8.0,,,TimeSeries,http://dap.onc.uvic.ca/erddap
0,scalar_1194856,69.113116666,-105.06408333,9.0,9.0,,,TimeSeries,http://dap.onc.uvic.ca/erddap
0,scalar_1197315,69.1129,-105.06403,9.0,9.0,,,TimeSeries,http://dap.onc.uvic.ca/erddap
0,scalar_1200576,69.11289,-105.06391,8.0,8.0,,,TimeSeries,http://dap.onc.uvic.ca/erddap
0,scalar_1203525,69.113183333,-105.0644,8.0,8.0,,,TimeSeries,http://dap.onc.uvic.ca/erddap
0,scalar_1191166,69.1137,-105.06082,6.0,6.0,,temperature,TimeSeries,http://dap.onc.uvic.ca/erddap
0,scalar_1192523,69.11306172609329,-105.06416047923267,8.0,8.0,,temperature,TimeSeries,http://dap.onc.uvic.ca/erddap
0,scalar_1194853,69.113116666,-105.06408333,9.0,9.0,,temperature,TimeSeries,http://dap.onc.uvic.ca/erddap
0,scalar_1197306,69.1129,-105.06403,9.0,9.0,,temperature,TimeSeries,http://dap.onc.uvic.ca/erddap
0,scalar_1200592,69.11289,-105.06391,8.0,8.0,,temperature,TimeSeries,http://dap.onc.uvic.ca/erddap
0,scalar_1203531,69.113183333,-105.0644,8.0,8.0,,temperature,TimeSeries,http://dap.onc.uvic.ca/erddap
0,scalar_1194503,47.906236,-127.620529,2640.0,2640.0,,,TimeSeries,http://dap.onc.uvic.ca/erddap
0,scalar_117310,47.8306583333,-127.88686,2623.5,2623.5,,,TimeSeries,http://dap.onc.uvic.ca/erddap
0,scalar_1189466,47.762365,-127.7588166667,2663.0,2663.0,,temperature,TimeSeries,http://dap.onc.uvic.ca/erddap
0,currents_1189466,47.762365,-127.7588166667,,,,,TimeSeries,http://dap.onc.uvic.ca/erddap
0,scalar_1190641,47.762609,-127.75829,2654.0,2654.0,,,TimeSeries,http://dap.onc.uvic.ca/erddap
0,scalar_117406,47.7626016667,-127.7588833333,2660.5,2660.5,salinity,Temperature,TimeSeries,http://dap.onc.uvic.ca/erddap
0,scalar_118131,47.7626016667,-127.7588833333,2660.5,2660.5,salinity,Temperature,TimeSeries,http://dap.onc.uvic.ca/erddap
0,scalar_1189474,47.7626016667,-127.7588833333,2660.5,2660.5,,,TimeSeries,http://dap.onc.uvic.ca/erddap
0,scalar_1190647,47.762657,-127.758933,2654.0,2654.0,salinity,Temperature,TimeSeries,http://dap.onc.uvic.ca/erddap
0,scalar_1196755,47.762657,-127.758933,2654.0,2654.0,salinity,Temperature,TimeSeries,http://dap.onc.uvic.ca/erddap
0,scalar_118097,47.7626933333,-127.7582,2659.1,2659.1,,,TimeSeries,http://dap.onc.uvic.ca/erddap
0,scalar_118934,47.76268,-127.7581583333,2660.0,2660.0,,,TimeSeries,http://dap.onc.uvic.ca/erddap
0,scalar_1190640,47.762609,-127.75829,2654.0,2654.0,,,TimeSeries,http://dap.onc.uvic.ca/erddap
0,scalar_1189475,47.7626016667,-127.7588833333,2660.5,2660.5,,temperature,TimeSeries,http://dap.onc.uvic.ca/erddap
0,scalar_1190648,47.762657,-127.758933,2654.0,2654.0,,temperature,TimeSeries,http://dap.onc.uvic.ca/erddap
0,scalar_1196756,47.762657,-127.758933,2654.0,2654.0,,temperature,TimeSeries,http://dap.onc.uvic.ca/erddap
0,scalar_117311,47.6517566667,-127.7819633333,2668.0,2668.0,,,TimeSeries,http://dap.onc.uvic.ca/erddap
0,scalar_1194260,47.764034,-128.057662,2639.0,2639.0,,,TimeSeries,http://dap.onc.uvic.ca/erddap
0,scalar_1206467,49.04002565,-123.42551274,294.0,294.0,salinity,Temperature,TimeSeries,http://dap.onc.uvic.ca/erddap
0,scalar_1196701,48.67075227,-126.84740191,1259.0,1259.0,,temperature,TimeSeries,http://dap.onc.uvic.ca/erddap
0,currents_1196701,48.67075227,-126.84740191,,,,,TimeSeries,http://dap.onc.uvic.ca/erddap
0,scalar_117411,48.670835,-126.847965,1258.0,1258.0,,,TimeSeries,http://dap.onc.uvic.ca/erddap
0,scalar_118135,48.670645,-126.8480533333,1259.0,1259.0,salinity,Temperature,TimeSeries,http://dap.onc.uvic.ca/erddap
0,scalar_1189647,48.670645,-126.8480533333,1259.0,1259.0,,,TimeSeries,http://dap.onc.uvic.ca/erddap
0,scalar_1192652,48.670884,-126.84717,1256.0,1256.0,salinity,Temperature,TimeSeries,http://dap.onc.uvic.ca/erddap
0,scalar_1194530,48.670645,-126.8480533333,1259.0,1259.0,salinity,Temperature,TimeSeries,http://dap.onc.uvic.ca/erddap
0,scalar_1196674,48.67055092,-126.8478968,1260.0,1260.0,salinity,Temperature,TimeSeries,http://dap.onc.uvic.ca/erddap
0,scalar_1200300,48.67064,-126.847847,1253.0,1253.0,salinity,Temperature,TimeSeries,http://dap.onc.uvic.ca/erddap
0,scalar_117599,48.6706483333,-126.8484933333,1256.0,1256.0,,Temperature,TimeSeries,http://dap.onc.uvic.ca/erddap
0,scalar_118921,48.6706083333,-126.8485483333,1256.0,1256.0,,,TimeSeries,http://dap.onc.uvic.ca/erddap
0,scalar_1189648,48.670645,-126.8480533333,1259.0,1259.0,,temperature,TimeSeries,http://dap.onc.uvic.ca/erddap
0,scalar_1192653,48.670884,-126.84717,1256.0,1256.0,,temperature,TimeSeries,http://dap.onc.uvic.ca/erddap
0,scalar_1194531,48.670645,-126.8480533333,1259.0,1259.0,,temperature,TimeSeries,http://dap.onc.uvic.ca/erddap
0,scalar_1196675,48.67055092,-126.8478968,1260.0,1260.0,,temperature,TimeSeries,http://dap.onc.uvic.ca/erddap
0,scalar_1200301,48.67064,-126.847847,1253.0,1253.0,,temperature,TimeSeries,http://dap.onc.uvic.ca/erddap
0,scalar_1194678,50.0207667,-125.2353666,10.0,10.0,,Temperature,TimeSeries,http://dap.onc.uvic.ca/erddap
0,scalar_1195538,50.0207667,-125.2353666,8.5,8.5,,Temperature,TimeSeries,http://dap.onc.uvic.ca/erddap
0,scalar_1198140,50.0207667,-125.23535,8.5,8.5,,Temperature,TimeSeries,http://dap.onc.uvic.ca/erddap
0,scalar_1201779,50.0207667,-125.23535,8.4,8.4,,Temperature,TimeSeries,http://dap.onc.uvic.ca/erddap
0,scalar_1194675,50.0207667,-125.2353666,10.0,10.0,Sensor9_Current,Temperature,TimeSeries,http://dap.onc.uvic.ca/erddap
0,scalar_1195535,50.0207667,-125.2353666,8.5,8.5,Sensor9_Current,Temperature,TimeSeries,http://dap.onc.uvic.ca/erddap
0,scalar_1195536,50.0207667,-125.2353666,8.5,8.5,,Temperature,TimeSeries,http://dap.onc.uvic.ca/erddap
0,scalar_1198139,50.0207667,-125.23535,8.5,8.5,,Temperature,TimeSeries,http://dap.onc.uvic.ca/erddap
0,scalar_1201774,50.0207667,-125.23535,8.4,8.4,,Temperature,TimeSeries,http://dap.onc.uvic.ca/erddap
0,scalar_1195539,50.0207667,-125.2353666,8.5,8.5,,temperature,TimeSeries,http://dap.onc.uvic.ca/erddap
0,scalar_1205972,49.154343,-124.803062,109.0,109.0,,Temperature,TimeSeries,http://dap.onc.uvic.ca/erddap
0,scalar_1206545,49.15363749,-124.80204127,107.0,107.0,,Temperature,TimeSeries,http://dap.onc.uvic.ca/erddap
0,scalar_1205971,49.154343,-124.803062,109.0,109.0,Sensor9_Current,Temperature,TimeSeries,http://dap.onc.uvic.ca/erddap
0,scalar_1206537,49.15363749,-124.80204127,107.0,107.0,Sensor9_Current,Temperature,TimeSeries,http://dap.onc.uvic.ca/erddap
0,scalar_1193605,54.258666666,-130.431208333,28.0,28.0,,Temperature,TimeSeries,http://dap.onc.uvic.ca/erddap
0,scalar_1196091,54.258761666,-130.431186666,26.0,26.0,,Temperature,TimeSeries,http://dap.onc.uvic.ca/erddap
0,scalar_1201690,54.25873333333333,-130.43134333333333,26.4,26.4,,Temperature,TimeSeries,http://dap.onc.uvic.ca/erddap
0,scalar_1205256,54.25880556,-130.4306944,28.0,28.0,,,TimeSeries,http://dap.onc.uvic.ca/erddap
0,scalar_1193600,54.258666666,-130.431208333,28.0,28.0,salinity,Temperature,TimeSeries,http://dap.onc.uvic.ca/erddap
0,scalar_1193604,54.258666666,-130.431208333,28.0,28.0,,Temperature,TimeSeries,http://dap.onc.uvic.ca/erddap
0,scalar_1196090,54.258761666,-130.431186666,26.0,26.0,Sensor9_Current,Temperature,TimeSeries,http://dap.onc.uvic.ca/erddap
0,scalar_1196120,54.258761666,-130.431186666,26.0,26.0,salinity,Temperature,TimeSeries,http://dap.onc.uvic.ca/erddap
0,scalar_1201632,54.25873333333333,-130.43134333333333,26.4,26.4,Sensor9_Current,Temperature,TimeSeries,http://dap.onc.uvic.ca/erddap
0,scalar_1205254,54.25880556,-130.4306944,28.0,28.0,Sensor9_Current,Temperature,TimeSeries,http://dap.onc.uvic.ca/erddap
0,scalar_1193601,54.258666666,-130.431208333,28.0,28.0,,temperature,TimeSeries,http://dap.onc.uvic.ca/erddap
0,scalar_1196121,54.258761666,-130.431186666,26.0,26.0,,temperature,TimeSeries,http://dap.onc.uvic.ca/erddap
0,scalar_1193582,53.974668333,-128.65701,40.0,40.0,,Temperature,TimeSeries,http://dap.onc.uvic.ca/erddap
0,scalar_1196052,53.974663333,-128.657038333,40.0,40.0,,Temperature,TimeSeries,http://dap.onc.uvic.ca/erddap
0,scalar_1201565,53.974785,-128.65718333333334,44.1,44.1,,,TimeSeries,http://dap.onc.uvic.ca/erddap
0,scalar_1193580,53.974668333,-128.65701,40.0,40.0,,Temperature,TimeSeries,http://dap.onc.uvic.ca/erddap
0,scalar_1195410,54.318708,-130.320968,6.0,6.0,,Temperature,TimeSeries,http://dap.onc.uvic.ca/erddap
0,scalar_1196049,53.974663333,-128.657038333,40.0,40.0,salinity,Temperature,TimeSeries,http://dap.onc.uvic.ca/erddap
0,scalar_1196050,53.974663333,-128.657038333,40.0,40.0,Sensor9_Current,Temperature,TimeSeries,http://dap.onc.uvic.ca/erddap
0,scalar_1197448,54.318708,-130.320968,6.0,6.0,,Temperature,TimeSeries,http://dap.onc.uvic.ca/erddap
0,scalar_1201558,53.974785,-128.65718333333334,44.1,44.1,,Temperature,TimeSeries,http://dap.onc.uvic.ca/erddap
0,scalar_1201585,54.53115,-130.53534333333334,4.5,4.5,,Temperature,TimeSeries,http://dap.onc.uvic.ca/erddap
0,scalar_1196053,53.974663333,-128.657038333,40.0,40.0,,temperature,TimeSeries,http://dap.onc.uvic.ca/erddap
0,scalar_1195412,54.318708,-130.320968,6.0,6.0,,,TimeSeries,http://dap.onc.uvic.ca/erddap
0,scalar_1197449,54.318708,-130.320968,6.0,6.0,,,TimeSeries,http://dap.onc.uvic.ca/erddap
0,scalar_1201586,54.53115,-130.53534333333334,4.5,4.5,,,TimeSeries,http://dap.onc.uvic.ca/erddap
0,scalar_1201270,48.6880496,-123.49990574,93.0,93.0,salinity,Temperature,TimeSeries,http://dap.onc.uvic.ca/erddap
0,scalar_1189450,47.9486733333,-129.0990183333,2203.0,2203.0,,temperature,TimeSeries,http://dap.onc.uvic.ca/erddap
0,currents_1189450,47.9486733333,-129.0990183333,,,,,TimeSeries,http://dap.onc.uvic.ca/erddap
0,scalar_1196743,47.94909061,-129.098225904,2195.0,2195.0,,temperature,TimeSeries,http://dap.onc.uvic.ca/erddap
0,currents_1196743,47.94909061,-129.098225904,,,,,TimeSeries,http://dap.onc.uvic.ca/erddap
0,scalar_1190615,47.948583333,-129.098678333,2195.0,2195.0,,,TimeSeries,http://dap.onc.uvic.ca/erddap
0,scalar_1194492,47.924088,-129.1082,2275.0,2275.0,,,TimeSeries,http://dap.onc.uvic.ca/erddap
0,scalar_117790,47.97354,-129.08227,2031.04,2031.04,"salinityderived,salinity",Temperature,TimeSeries,http://dap.onc.uvic.ca/erddap
0,scalar_119013,47.973705,-129.0823133333,2030.0,2030.0,salinityderived,Temperature,TimeSeries,http://dap.onc.uvic.ca/erddap
0,scalar_117791,47.97354,-129.08227,2031.04,2031.04,,Temperature,TimeSeries,http://dap.onc.uvic.ca/erddap
0,scalar_119014,47.973705,-129.0823133333,2030.0,2030.0,,,TimeSeries,http://dap.onc.uvic.ca/erddap
0,scalar_1200226,47.973617,-129.08254,2032.0,2032.0,salinity,Temperature,TimeSeries,http://dap.onc.uvic.ca/erddap
0,scalar_117788,47.97354,-129.08227,1956.0,1956.0,"salinityderived,salinity",Temperature,TimeSeries,http://dap.onc.uvic.ca/erddap
0,scalar_119011,47.973705,-129.0823133333,1956.0,1956.0,salinity,Temperature,TimeSeries,http://dap.onc.uvic.ca/erddap
0,scalar_117789,47.97354,-129.08227,1956.0,1956.0,,Temperature,TimeSeries,http://dap.onc.uvic.ca/erddap
0,scalar_119012,47.973705,-129.0823133333,1956.0,1956.0,,,TimeSeries,http://dap.onc.uvic.ca/erddap
0,scalar_1200228,47.973617,-129.08254,1957.0,1957.0,salinity,Temperature,TimeSeries,http://dap.onc.uvic.ca/erddap
0,scalar_1200230,47.973617,-129.08254,1906.0,1906.0,,temperature,TimeSeries,http://dap.onc.uvic.ca/erddap
0,currents_1200230,47.973617,-129.08254,,,,,TimeSeries,http://dap.onc.uvic.ca/erddap
0,scalar_1200219,47.973617,-129.08254,2157.0,2157.0,salinity,Temperature,TimeSeries,http://dap.onc.uvic.ca/erddap
0,scalar_117792,47.97354,-129.08227,2116.38,2116.38,"salinity,salinityderived",Temperature,TimeSeries,http://dap.onc.uvic.ca/erddap
0,scalar_119015,47.973705,-129.0823133333,2106.0,2106.0,"salinityderived,salinity",Temperature,TimeSeries,http://dap.onc.uvic.ca/erddap
0,scalar_117793,47.97354,-129.08227,2116.38,2116.38,,Temperature,TimeSeries,http://dap.onc.uvic.ca/erddap
0,scalar_119016,47.973705,-129.0823133333,2106.0,2106.0,,,TimeSeries,http://dap.onc.uvic.ca/erddap
0,scalar_1200224,47.973617,-129.08254,2106.0,2106.0,salinity,Temperature,TimeSeries,http://dap.onc.uvic.ca/erddap
0,scalar_117794,47.97354,-129.08227,2152.83,2152.83,"salinityderived,salinity",Temperature,TimeSeries,http://dap.onc.uvic.ca/erddap
0,scalar_119017,47.973705,-129.0823133333,2153.0,2153.0,salinityderived,Temperature,TimeSeries,http://dap.onc.uvic.ca/erddap
0,scalar_117795,47.97354,-129.08227,2152.83,2152.83,,Temperature,TimeSeries,http://dap.onc.uvic.ca/erddap
0,scalar_119018,47.973705,-129.0823133333,2153.0,2153.0,,,TimeSeries,http://dap.onc.uvic.ca/erddap
0,scalar_117818,47.97354,-129.08227,1907.0,1907.0,,temperature,TimeSeries,http://dap.onc.uvic.ca/erddap
0,currents_117818,47.97354,-129.08227,,,,,TimeSeries,http://dap.onc.uvic.ca/erddap
0,scalar_119020,47.973705,-129.0823133333,1908.0,1908.0,,temperature,TimeSeries,http://dap.onc.uvic.ca/erddap
0,currents_119020,47.973705,-129.0823133333,,,,,TimeSeries,http://dap.onc.uvic.ca/erddap
0,scalar_118281,47.9747483333,-129.0875383333,2018.0,2018.0,salinity,Temperature,TimeSeries,http://dap.onc.uvic.ca/erddap
0,scalar_118282,47.9747483333,-129.0875383333,2018.0,2018.0,,,TimeSeries,http://dap.onc.uvic.ca/erddap
0,scalar_1200250,47.974646666,-129.08715,2019.0,2019.0,salinity,Temperature,TimeSeries,http://dap.onc.uvic.ca/erddap
0,scalar_1200252,47.974646666,-129.08715,2019.0,2019.0,,Temperature,TimeSeries,http://dap.onc.uvic.ca/erddap
0,scalar_118279,47.9747483333,-129.0875383333,1943.0,1943.0,salinity,temperature,TimeSeries,http://dap.onc.uvic.ca/erddap
0,scalar_118280,47.9747483333,-129.0875383333,1943.0,1943.0,,,TimeSeries,http://dap.onc.uvic.ca/erddap
0,scalar_1200253,47.974646666,-129.08715,1944.0,1944.0,salinity,Temperature,TimeSeries,http://dap.onc.uvic.ca/erddap
0,scalar_1200254,47.974646666,-129.08715,1944.0,1944.0,,Temperature,TimeSeries,http://dap.onc.uvic.ca/erddap
0,scalar_1200255,47.974646666,-129.08715,1898.0,1898.0,,temperature,TimeSeries,http://dap.onc.uvic.ca/erddap
0,currents_1200255,47.974646666,-129.08715,,,,,TimeSeries,http://dap.onc.uvic.ca/erddap
0,scalar_1200246,47.974646666,-129.08715,2144.0,2144.0,salinity,Temperature,TimeSeries,http://dap.onc.uvic.ca/erddap
0,scalar_1200247,47.974646666,-129.08715,2144.0,2144.0,,Temperature,TimeSeries,http://dap.onc.uvic.ca/erddap
0,scalar_118283,47.9747483333,-129.0875383333,2093.0,2093.0,salinity,Temperature,TimeSeries,http://dap.onc.uvic.ca/erddap
0,scalar_1200248,47.974646666,-129.08715,2096.0,2096.0,salinity,Temperature,TimeSeries,http://dap.onc.uvic.ca/erddap
0,scalar_118284,47.9747483333,-129.0875383333,2093.0,2093.0,,,TimeSeries,http://dap.onc.uvic.ca/erddap
0,scalar_1200249,47.974646666,-129.08715,2096.0,2096.0,,Temperature,TimeSeries,http://dap.onc.uvic.ca/erddap
0,scalar_118285,47.9747483333,-129.0875383333,2140.0,2140.0,salinity,Temperature,TimeSeries,http://dap.onc.uvic.ca/erddap
0,scalar_118286,47.9747483333,-129.0875383333,2140.0,2140.0,,,TimeSeries,http://dap.onc.uvic.ca/erddap
0,scalar_118278,47.9747483333,-129.0875383333,1893.0,1893.0,,temperature,TimeSeries,http://dap.onc.uvic.ca/erddap
0,currents_118278,47.9747483333,-129.0875383333,,,,,TimeSeries,http://dap.onc.uvic.ca/erddap
0,scalar_1205524,47.93353002,-129.09839182,2093.0,2093.0,"salinityderived,salinity",Temperature,TimeSeries,http://dap.onc.uvic.ca/erddap
0,scalar_119030,47.933395,-129.098893,2100.0,2100.0,,Temperature,TimeSeries,http://dap.onc.uvic.ca/erddap
0,scalar_1205525,47.93353002,-129.09839182,2093.0,2093.0,,,TimeSeries,http://dap.onc.uvic.ca/erddap
0,scalar_119029,47.933395,-129.098893,2100.0,2100.0,,,TimeSeries,http://dap.onc.uvic.ca/erddap
0,scalar_119027,47.933395,-129.098893,2027.0,2027.0,,,TimeSeries,http://dap.onc.uvic.ca/erddap
0,scalar_1205526,47.93353002,-129.09839182,2018.0,2018.0,"salinity,salinityderived",temperature,TimeSeries,http://dap.onc.uvic.ca/erddap
0,scalar_119028,47.933395,-129.098893,2027.0,2027.0,,,TimeSeries,http://dap.onc.uvic.ca/erddap
0,scalar_1205527,47.93353002,-129.09839182,2018.0,2018.0,,,TimeSeries,http://dap.onc.uvic.ca/erddap
0,scalar_1205528,47.93353002,-129.09839182,1969.0,1969.0,,temperature,TimeSeries,http://dap.onc.uvic.ca/erddap
0,scalar_1205529,47.93353002,-129.09839182,1970.0,1970.0,,temperature,TimeSeries,http://dap.onc.uvic.ca/erddap
0,currents_1205528,47.93353002,-129.09839182,,,,,TimeSeries,http://dap.onc.uvic.ca/erddap
0,currents_1205529,47.93353002,-129.09839182,,,,,TimeSeries,http://dap.onc.uvic.ca/erddap
0,scalar_119031,47.933395,-129.098893,2175.0,2175.0,,,TimeSeries,http://dap.onc.uvic.ca/erddap
0,scalar_1205522,47.93353002,-129.09839182,2167.0,2167.0,salinity,Temperature,TimeSeries,http://dap.onc.uvic.ca/erddap
0,scalar_119032,47.933395,-129.098893,2175.0,2175.0,,,TimeSeries,http://dap.onc.uvic.ca/erddap
0,scalar_1205523,47.93353002,-129.09839182,2167.0,2167.0,,,TimeSeries,http://dap.onc.uvic.ca/erddap
0,scalar_119033,47.933395,-129.098893,2221.0,2221.0,,,TimeSeries,http://dap.onc.uvic.ca/erddap
0,scalar_1205520,47.93353002,-129.09839182,2218.0,2218.0,salinityderived,Temperature,TimeSeries,http://dap.onc.uvic.ca/erddap
0,scalar_119034,47.933395,-129.098893,2221.0,2221.0,,Temperature,TimeSeries,http://dap.onc.uvic.ca/erddap
0,scalar_1205521,47.93353002,-129.09839182,2218.0,2218.0,,,TimeSeries,http://dap.onc.uvic.ca/erddap
0,scalar_119026,47.933395,-129.098893,1977.0,1977.0,,temperature,TimeSeries,http://dap.onc.uvic.ca/erddap
0,scalar_119025,47.933395,-129.098893,1977.0,1977.0,,temperature,TimeSeries,http://dap.onc.uvic.ca/erddap
0,currents_119026,47.933395,-129.098893,,,,,TimeSeries,http://dap.onc.uvic.ca/erddap
0,currents_119025,47.933395,-129.098893,,,,,TimeSeries,http://dap.onc.uvic.ca/erddap
0,scalar_119038,47.9355116667,-129.1067233333,2049.0,2049.0,,,TimeSeries,http://dap.onc.uvic.ca/erddap
0,scalar_1202962,47.9348547,-129.1074548,2042.0,2042.0,salinity,Temperature,TimeSeries,http://dap.onc.uvic.ca/erddap
0,scalar_119039,47.9355116667,-129.1067233333,2049.0,2049.0,,Temperature,TimeSeries,http://dap.onc.uvic.ca/erddap
0,scalar_1202963,47.9348547,-129.1074548,2042.0,2042.0,,,TimeSeries,http://dap.onc.uvic.ca/erddap
0,scalar_119036,47.9355116667,-129.1067233333,1974.0,1974.0,"salinity,salinityderived",temperature,TimeSeries,http://dap.onc.uvic.ca/erddap
0,scalar_1202964,47.9348547,-129.1074548,1967.0,1967.0,salinity,Temperature,TimeSeries,http://dap.onc.uvic.ca/erddap
0,scalar_1202965,47.9348547,-129.1074548,1967.0,1967.0,,,TimeSeries,http://dap.onc.uvic.ca/erddap
0,scalar_119040,47.9355116667,-129.1067233333,2123.0,2123.0,,Temperature,TimeSeries,http://dap.onc.uvic.ca/erddap
0,scalar_1202960,47.9348547,-129.1074548,2117.0,2117.0,salinity,Temperature,TimeSeries,http://dap.onc.uvic.ca/erddap
0,scalar_119041,47.9355116667,-129.1067233333,2123.0,2123.0,,Temperature,TimeSeries,http://dap.onc.uvic.ca/erddap
0,scalar_1202961,47.9348547,-129.1074548,2117.0,2117.0,,,TimeSeries,http://dap.onc.uvic.ca/erddap
0,scalar_119042,47.9355116667,-129.1067233333,2171.0,2171.0,,,TimeSeries,http://dap.onc.uvic.ca/erddap
0,scalar_1202958,47.9348547,-129.1074548,2162.0,2162.0,salinityderived,Temperature,TimeSeries,http://dap.onc.uvic.ca/erddap
0,scalar_1202959,47.9348547,-129.1074548,2162.0,2162.0,,Temperature,TimeSeries,http://dap.onc.uvic.ca/erddap
0,scalar_118302,47.973665,-129.081975,2154.0,2154.0,,,TimeSeries,http://dap.onc.uvic.ca/erddap
0,scalar_1202925,47.9735522,-129.08179,2153.0,2153.0,,"temperature1,temperature2",TimeSeries,http://dap.onc.uvic.ca/erddap
0,scalar_1194454,47.9331014,-129.098849,2228.0,2228.0,,,TimeSeries,http://dap.onc.uvic.ca/erddap
0,scalar_1194500,47.959863,-129.124283,2360.0,2360.0,,,TimeSeries,http://dap.onc.uvic.ca/erddap
0,scalar_1194499,47.959863,-129.124283,2360.0,2360.0,,,TimeSeries,http://dap.onc.uvic.ca/erddap
0,scalar_118479,47.94929,-129.09833,2186.0,2186.0,,,TimeSeries,http://dap.onc.uvic.ca/erddap
0,scalar_1189452,47.9493,-129.0983233333,2196.0,2196.0,,,TimeSeries,http://dap.onc.uvic.ca/erddap
0,scalar_117345,48.813775,-125.28096,100.0,100.0,,temperature,TimeSeries,http://dap.onc.uvic.ca/erddap
0,currents_117345,48.813775,-125.28096,,,,,TimeSeries,http://dap.onc.uvic.ca/erddap
0,scalar_118212,48.8136666667,-125.28,95.0,95.0,,temperature,TimeSeries,http://dap.onc.uvic.ca/erddap
0,currents_118212,48.8136666667,-125.28,,,,,TimeSeries,http://dap.onc.uvic.ca/erddap
0,scalar_118950,48.813775,-125.28095,94.0,94.0,,temperature,TimeSeries,http://dap.onc.uvic.ca/erddap
0,currents_118950,48.813775,-125.28095,,,,,TimeSeries,http://dap.onc.uvic.ca/erddap
0,scalar_1189324,48.81385,-125.2809833333,98.0,98.0,,temperature,TimeSeries,http://dap.onc.uvic.ca/erddap
0,currents_1189324,48.81385,-125.2809833333,,,,,TimeSeries,http://dap.onc.uvic.ca/erddap
0,scalar_1190517,48.81378667,-125.2809817,95.0,95.0,,temperature,TimeSeries,http://dap.onc.uvic.ca/erddap
0,currents_1190517,48.81378667,-125.2809817,,,,,TimeSeries,http://dap.onc.uvic.ca/erddap
0,scalar_1192590,48.813796666,-125.280955,98.0,98.0,,temperature,TimeSeries,http://dap.onc.uvic.ca/erddap
0,currents_1192590,48.813796666,-125.280955,,,,,TimeSeries,http://dap.onc.uvic.ca/erddap
0,scalar_1196291,48.813816133,-125.279867967,95.0,95.0,,temperature,TimeSeries,http://dap.onc.uvic.ca/erddap
0,currents_1196291,48.813816133,-125.279867967,,,,,TimeSeries,http://dap.onc.uvic.ca/erddap
0,scalar_1200380,48.813817,-125.279897,95.0,95.0,,temperature,TimeSeries,http://dap.onc.uvic.ca/erddap
0,currents_1200380,48.813817,-125.279897,,,,,TimeSeries,http://dap.onc.uvic.ca/erddap
0,scalar_117344,48.813775,-125.28096,100.0,100.0,,,TimeSeries,http://dap.onc.uvic.ca/erddap
0,scalar_118215,48.8136666667,-125.28,95.0,95.0,,,TimeSeries,http://dap.onc.uvic.ca/erddap
0,scalar_118951,48.813775,-125.28095,94.0,94.0,,,TimeSeries,http://dap.onc.uvic.ca/erddap
0,scalar_1189326,48.81385,-125.2809833333,98.0,98.0,,,TimeSeries,http://dap.onc.uvic.ca/erddap
0,scalar_1190518,48.81378667,-125.2809817,95.0,95.0,,,TimeSeries,http://dap.onc.uvic.ca/erddap
0,scalar_1192592,48.813796666,-125.280955,98.0,98.0,,,TimeSeries,http://dap.onc.uvic.ca/erddap
0,scalar_117607,48.813945,-125.281117,100.0,100.0,,,TimeSeries,http://dap.onc.uvic.ca/erddap
0,scalar_118217,48.813945,-125.2811166667,100.0,100.0,,,TimeSeries,http://dap.onc.uvic.ca/erddap
0,scalar_1192712,48.814028883,-125.2810124,96.0,96.0,,,TimeSeries,http://dap.onc.uvic.ca/erddap
0,scalar_1196282,48.81402653333333,-125.2809891,95.0,95.0,,,TimeSeries,http://dap.onc.uvic.ca/erddap
0,scalar_117491,48.813775,-125.28096,100.0,100.0,,,TimeSeries,http://dap.onc.uvic.ca/erddap
0,scalar_118213,48.8136666667,-125.28,95.0,95.0,,,TimeSeries,http://dap.onc.uvic.ca/erddap
0,scalar_118947,48.813775,-125.28095,94.0,94.0,,,TimeSeries,http://dap.onc.uvic.ca/erddap
0,scalar_1189320,48.81385,-125.2809833333,98.0,98.0,,,TimeSeries,http://dap.onc.uvic.ca/erddap
0,scalar_1190513,48.81378667,-125.2809817,95.0,95.0,,,TimeSeries,http://dap.onc.uvic.ca/erddap
0,scalar_1192588,48.813796666,-125.280955,98.0,98.0,salinity,Temperature,TimeSeries,http://dap.onc.uvic.ca/erddap
0,scalar_1196277,48.81371086666667,-125.28072386666668,95.0,95.0,salinity,Temperature,TimeSeries,http://dap.onc.uvic.ca/erddap
0,scalar_1200329,48.813712,-125.280723,95.0,95.0,salinity,Temperature,TimeSeries,http://dap.onc.uvic.ca/erddap
0,scalar_1206517,48.813712,-125.280723,95.0,95.0,salinity,Temperature,TimeSeries,http://dap.onc.uvic.ca/erddap
0,scalar_1189321,48.81385,-125.2809833333,98.0,98.0,,temperature,TimeSeries,http://dap.onc.uvic.ca/erddap
0,scalar_1190514,48.81378667,-125.2809817,95.0,95.0,,temperature,TimeSeries,http://dap.onc.uvic.ca/erddap
0,scalar_1192593,48.813796666,-125.280955,98.0,98.0,,temperature,TimeSeries,http://dap.onc.uvic.ca/erddap
0,scalar_1196278,48.81371086666667,-125.28072386666668,95.0,95.0,,temperature,TimeSeries,http://dap.onc.uvic.ca/erddap
0,scalar_1200330,48.813712,-125.280723,95.0,95.0,,temperature,TimeSeries,http://dap.onc.uvic.ca/erddap
0,scalar_1206547,48.813712,-125.280723,95.0,95.0,,temperature,TimeSeries,http://dap.onc.uvic.ca/erddap
0,scalar_117336,48.8082916667,-125.2815,25.0,25.0,,temperature,TimeSeries,http://dap.onc.uvic.ca/erddap
0,currents_117336,48.8082916667,-125.2815,,,,,TimeSeries,http://dap.onc.uvic.ca/erddap
0,scalar_119209,48.8082916667,-125.2815,25.0,25.0,,temperature,TimeSeries,http://dap.onc.uvic.ca/erddap
0,currents_119209,48.8082916667,-125.2815,,,,,TimeSeries,http://dap.onc.uvic.ca/erddap
0,scalar_1190888,48.8082916667,-125.2815,25.0,25.0,,temperature,TimeSeries,http://dap.onc.uvic.ca/erddap
0,currents_1190888,48.8082916667,-125.2815,,,,,TimeSeries,http://dap.onc.uvic.ca/erddap
0,scalar_1201388,48.8082916667,-125.2815,25.0,25.0,,temperature,TimeSeries,http://dap.onc.uvic.ca/erddap
0,currents_1201388,48.8082916667,-125.2815,,,,,TimeSeries,http://dap.onc.uvic.ca/erddap
0,scalar_119211,48.8082916667,-125.2815,25.0,25.0,salinity,Temperature,TimeSeries,http://dap.onc.uvic.ca/erddap
0,scalar_1189528,48.8082916667,-125.2815,25.0,25.0,salinity,Temperature,TimeSeries,http://dap.onc.uvic.ca/erddap
0,scalar_1190903,48.8082916667,-125.2815,25.0,25.0,,,TimeSeries,http://dap.onc.uvic.ca/erddap
0,scalar_1192239,48.8082916667,-125.2815,25.0,25.0,salinity,Temperature,TimeSeries,http://dap.onc.uvic.ca/erddap
0,scalar_1193781,48.8082916667,-125.2815,25.0,25.0,salinity,Temperature,TimeSeries,http://dap.onc.uvic.ca/erddap
0,scalar_1203388,48.8082916667,-125.2815,25.0,25.0,salinity,Temperature,TimeSeries,http://dap.onc.uvic.ca/erddap
0,scalar_117268,48.8082916667,-125.2815,25.0,25.0,,Temperature,TimeSeries,http://dap.onc.uvic.ca/erddap
0,scalar_119215,48.8082916667,-125.2815,25.0,25.0,,Temperature,TimeSeries,http://dap.onc.uvic.ca/erddap
0,scalar_1190889,48.8082916667,-125.2815,25.0,25.0,,Temperature,TimeSeries,http://dap.onc.uvic.ca/erddap
0,scalar_119213,48.8082916667,-125.2815,25.0,25.0,,temperature,TimeSeries,http://dap.onc.uvic.ca/erddap
0,scalar_1189529,48.8082916667,-125.2815,25.0,25.0,,temperature,TimeSeries,http://dap.onc.uvic.ca/erddap
0,scalar_1190904,48.8082916667,-125.2815,25.0,25.0,,temperature,TimeSeries,http://dap.onc.uvic.ca/erddap
0,scalar_1192240,48.8082916667,-125.2815,25.0,25.0,,temperature,TimeSeries,http://dap.onc.uvic.ca/erddap
0,scalar_1193782,48.8082916667,-125.2815,25.0,25.0,,temperature,TimeSeries,http://dap.onc.uvic.ca/erddap
0,scalar_1203389,48.8082916667,-125.2815,25.0,25.0,,temperature,TimeSeries,http://dap.onc.uvic.ca/erddap
0,scalar_1206011,74.659883,-91.3104,21.0,21.0,,Temperature,TimeSeries,http://dap.onc.uvic.ca/erddap
0,scalar_1197090,74.659944,-91.310528,21.0,21.0,,Temperature,TimeSeries,http://dap.onc.uvic.ca/erddap
0,scalar_1200765,74.65989,-91.31075,22.0,22.0,,Temperature,TimeSeries,http://dap.onc.uvic.ca/erddap
0,scalar_1206009,74.659883,-91.3104,21.0,21.0,Sensor9_Current,Temperature,TimeSeries,http://dap.onc.uvic.ca/erddap
0,scalar_1197092,74.659944,-91.310528,21.0,21.0,,,TimeSeries,http://dap.onc.uvic.ca/erddap
0,scalar_1200766,74.65989,-91.31075,22.0,22.0,,,TimeSeries,http://dap.onc.uvic.ca/erddap
0,scalar_1206010,74.659883,-91.3104,21.0,21.0,,,TimeSeries,http://dap.onc.uvic.ca/erddap
0,scalar_1191299,48.3001666667,-123.3912,112.0,112.0,salinity,temperature,TimeSeries,http://dap.onc.uvic.ca/erddap
0,scalar_1191304,48.30045,-123.39135,113.0,113.0,salinity,temperature,TimeSeries,http://dap.onc.uvic.ca/erddap
0,scalar_1190712,48.3003167,-123.3912833,113.0,113.0,salinity,temperature,TimeSeries,http://dap.onc.uvic.ca/erddap
0,scalar_1191248,48.300556,-123.390944,112.0,112.0,salinity,temperature,TimeSeries,http://dap.onc.uvic.ca/erddap
0,scalar_1191859,48.300888888,-123.391444444,112.0,112.0,salinity,temperature,TimeSeries,http://dap.onc.uvic.ca/erddap
0,scalar_1192927,48.30095,-123.3909167,111.0,111.0,salinity,temperature,TimeSeries,http://dap.onc.uvic.ca/erddap
0,scalar_1193721,48.300833333,-123.39075,111.0,111.0,salinity,temperature,TimeSeries,http://dap.onc.uvic.ca/erddap
0,scalar_1195190,48.3009667,-123.3907333,114.0,114.0,salinity,temperature,TimeSeries,http://dap.onc.uvic.ca/erddap
0,scalar_1197627,48.3007667,-123.3909667,111.0,111.0,salinity,temperature,TimeSeries,http://dap.onc.uvic.ca/erddap
0,scalar_1199509,48.3007667,-123.3901167,112.0,112.0,salinity,temperature,TimeSeries,http://dap.onc.uvic.ca/erddap
0,scalar_1203104,48.30103333333,-123.39101666666,112.0,112.0,salinity,temperature,TimeSeries,http://dap.onc.uvic.ca/erddap
0,scalar_1191250,48.300556,-123.390944,112.0,112.0,,Temperature,TimeSeries,http://dap.onc.uvic.ca/erddap
0,scalar_1192929,48.30095,-123.3909167,111.0,111.0,,Temperature,TimeSeries,http://dap.onc.uvic.ca/erddap
0,scalar_1195189,48.3009667,-123.3907333,114.0,114.0,,Temperature,TimeSeries,http://dap.onc.uvic.ca/erddap
0,scalar_1197626,48.3007667,-123.3909667,111.0,111.0,,Temperature,TimeSeries,http://dap.onc.uvic.ca/erddap
0,scalar_1199507,48.3007667,-123.3901167,112.0,112.0,,Temperature,TimeSeries,http://dap.onc.uvic.ca/erddap
0,scalar_1201726,48.3009833,-123.3904833,112.0,112.0,,Temperature,TimeSeries,http://dap.onc.uvic.ca/erddap
0,scalar_1203106,48.30103333333,-123.39101666666,112.0,112.0,,Temperature,TimeSeries,http://dap.onc.uvic.ca/erddap
0,scalar_1191300,48.3001666667,-123.3912,112.0,112.0,,,TimeSeries,http://dap.onc.uvic.ca/erddap
0,scalar_1191305,48.30045,-123.39135,113.0,113.0,,,TimeSeries,http://dap.onc.uvic.ca/erddap
0,scalar_1190713,48.3003167,-123.3912833,113.0,113.0,,,TimeSeries,http://dap.onc.uvic.ca/erddap
0,scalar_1191249,48.300556,-123.390944,112.0,112.0,,,TimeSeries,http://dap.onc.uvic.ca/erddap
0,scalar_1191860,48.300888888,-123.391444444,112.0,112.0,,,TimeSeries,http://dap.onc.uvic.ca/erddap
0,scalar_1192928,48.30095,-123.3909167,111.0,111.0,,,TimeSeries,http://dap.onc.uvic.ca/erddap
0,scalar_1193725,48.300833333,-123.39075,111.0,111.0,,,TimeSeries,http://dap.onc.uvic.ca/erddap
0,scalar_1195191,48.3009667,-123.3907333,114.0,114.0,,,TimeSeries,http://dap.onc.uvic.ca/erddap
0,scalar_1196301,48.300616666,-123.391133333,115.0,115.0,,,TimeSeries,http://dap.onc.uvic.ca/erddap
0,scalar_1197628,48.3007667,-123.3909667,111.0,111.0,,,TimeSeries,http://dap.onc.uvic.ca/erddap
0,scalar_1199510,48.3007667,-123.3901167,112.0,112.0,,,TimeSeries,http://dap.onc.uvic.ca/erddap
0,scalar_1203110,48.30103333333,-123.39101666666,112.0,112.0,,,TimeSeries,http://dap.onc.uvic.ca/erddap
0,scalar_1191326,48.3603833333,-124.2133666667,175.0,175.0,salinity,temperature,TimeSeries,http://dap.onc.uvic.ca/erddap
0,scalar_1189546,48.3606666667,-124.2128166667,175.0,175.0,salinity,temperature,TimeSeries,http://dap.onc.uvic.ca/erddap
0,scalar_1189888,48.3563666667,-124.2157666667,183.0,183.0,salinity,temperature,TimeSeries,http://dap.onc.uvic.ca/erddap
0,scalar_1190732,48.3561833,-124.21602167,182.0,182.0,salinity,temperature,TimeSeries,http://dap.onc.uvic.ca/erddap
0,scalar_1192953,48.356194966,-124.216026683,183.0,183.0,salinity,temperature,TimeSeries,http://dap.onc.uvic.ca/erddap
0,scalar_1194097,48.3559745,-124.2157838,182.0,182.0,salinity,temperature,TimeSeries,http://dap.onc.uvic.ca/erddap
0,scalar_1196721,48.35590331,-124.21588326,183.0,183.0,salinity,temperature,TimeSeries,http://dap.onc.uvic.ca/erddap
0,scalar_119341,48.3603833333,-124.2133666667,175.0,175.0,,Temperature,TimeSeries,http://dap.onc.uvic.ca/erddap
0,scalar_1189545,48.3606666667,-124.2128166667,175.0,175.0,,Temperature,TimeSeries,http://dap.onc.uvic.ca/erddap
0,scalar_1189887,48.3563666667,-124.2157666667,183.0,183.0,,Temperature,TimeSeries,http://dap.onc.uvic.ca/erddap
0,scalar_1190731,48.3561833,-124.21602167,182.0,182.0,,Temperature,TimeSeries,http://dap.onc.uvic.ca/erddap
0,scalar_1191175,48.356195,-124.216027,182.0,182.0,,Temperature,TimeSeries,http://dap.onc.uvic.ca/erddap
0,scalar_1194095,48.3559745,-124.2157838,182.0,182.0,,Temperature,TimeSeries,http://dap.onc.uvic.ca/erddap
0,scalar_1196722,48.35590331,-124.21588326,183.0,183.0,,Temperature,TimeSeries,http://dap.onc.uvic.ca/erddap
0,scalar_119339,48.3603833333,-124.2133666667,175.0,175.0,,,TimeSeries,http://dap.onc.uvic.ca/erddap
0,scalar_1189547,48.3606666667,-124.2128166667,175.0,175.0,,,TimeSeries,http://dap.onc.uvic.ca/erddap
0,scalar_1189889,48.3563666667,-124.2157666667,183.0,183.0,,,TimeSeries,http://dap.onc.uvic.ca/erddap
0,scalar_1190733,48.3561833,-124.21602167,182.0,182.0,,,TimeSeries,http://dap.onc.uvic.ca/erddap
0,scalar_1191174,48.356195,-124.216027,182.0,182.0,,,TimeSeries,http://dap.onc.uvic.ca/erddap
0,scalar_1192954,48.356194966,-124.216026683,183.0,183.0,,,TimeSeries,http://dap.onc.uvic.ca/erddap
0,scalar_1194098,48.3559745,-124.2157838,182.0,182.0,,,TimeSeries,http://dap.onc.uvic.ca/erddap
0,scalar_1196724,48.35590331,-124.21588326,183.0,183.0,,,TimeSeries,http://dap.onc.uvic.ca/erddap
0,scalar_119330,48.5078833333,-124.7504666667,226.0,226.0,salinity,temperature,TimeSeries,http://dap.onc.uvic.ca/erddap
0,scalar_1189541,48.5081333333,-124.7491166667,226.0,226.0,salinity,temperature,TimeSeries,http://dap.onc.uvic.ca/erddap
0,scalar_1189892,48.5084166667,-124.7507166667,225.0,225.0,salinity,temperature,TimeSeries,http://dap.onc.uvic.ca/erddap
0,scalar_1190727,48.508333,-124.7500833,225.0,225.0,salinity,temperature,TimeSeries,http://dap.onc.uvic.ca/erddap
0,scalar_1191182,48.5083383,-124.7500933,227.0,227.0,salinity,temperature,TimeSeries,http://dap.onc.uvic.ca/erddap
0,scalar_119331,48.5078833333,-124.7504666667,226.0,226.0,,Temperature,TimeSeries,http://dap.onc.uvic.ca/erddap
0,scalar_1191337,48.5081333333,-124.7491166667,226.0,226.0,,Temperature,TimeSeries,http://dap.onc.uvic.ca/erddap
0,scalar_1189894,48.5084166667,-124.7507166667,225.0,225.0,,Temperature,TimeSeries,http://dap.onc.uvic.ca/erddap
0,scalar_1191185,48.5083383,-124.7500933,227.0,227.0,,Temperature,TimeSeries,http://dap.onc.uvic.ca/erddap
0,scalar_119333,48.5078833333,-124.7504666667,226.0,226.0,,,TimeSeries,http://dap.onc.uvic.ca/erddap
0,scalar_1191336,48.5081333333,-124.7491166667,226.0,226.0,,,TimeSeries,http://dap.onc.uvic.ca/erddap
0,scalar_1189893,48.5084166667,-124.7507166667,225.0,225.0,,,TimeSeries,http://dap.onc.uvic.ca/erddap
0,scalar_1190728,48.508333,-124.7500833,225.0,225.0,,,TimeSeries,http://dap.onc.uvic.ca/erddap
0,scalar_1191184,48.5083383,-124.7500933,227.0,227.0,,,TimeSeries,http://dap.onc.uvic.ca/erddap
0,scalar_1203130,48.40083333333,-123.4091,57.0,57.0,salinity,temperature,TimeSeries,http://dap.onc.uvic.ca/erddap
0,scalar_119342,48.4011666667,-123.4089833333,55.0,55.0,salinity,temperature,TimeSeries,http://dap.onc.uvic.ca/erddap
0,scalar_1189899,48.401,-123.4089,56.0,56.0,salinity,temperature,TimeSeries,http://dap.onc.uvic.ca/erddap
0,scalar_1190718,48.4010833,-123.4089167,55.0,55.0,salinity,temperature,TimeSeries,http://dap.onc.uvic.ca/erddap
0,scalar_1191254,48.401139,-123.409083,55.0,55.0,salinity,temperature,TimeSeries,http://dap.onc.uvic.ca/erddap
0,scalar_1191866,48.401222222,-123.408777777,55.0,55.0,salinity,temperature,TimeSeries,http://dap.onc.uvic.ca/erddap
0,scalar_1192934,48.4011,-123.4084833,55.0,55.0,salinity,temperature,TimeSeries,http://dap.onc.uvic.ca/erddap
0,scalar_1193727,48.401283333,-123.4083,56.0,56.0,salinity,temperature,TimeSeries,http://dap.onc.uvic.ca/erddap
0,scalar_1195200,48.4012,-123.4091333,56.0,56.0,salinity,temperature,TimeSeries,http://dap.onc.uvic.ca/erddap
0,scalar_1197598,48.401,-123.4089167,55.0,55.0,salinity,temperature,TimeSeries,http://dap.onc.uvic.ca/erddap
0,scalar_1199526,48.4010833,-123.4089333,56.0,56.0,salinity,temperature,TimeSeries,http://dap.onc.uvic.ca/erddap
0,scalar_1201742,48.4010667,-123.4088333,57.0,57.0,salinity,temperature,TimeSeries,http://dap.onc.uvic.ca/erddap
0,scalar_119344,48.4011666667,-123.4089833333,55.0,55.0,,Temperature,TimeSeries,http://dap.onc.uvic.ca/erddap
0,scalar_1190717,48.4010833,-123.4089167,55.0,55.0,,Temperature,TimeSeries,http://dap.onc.uvic.ca/erddap
0,scalar_1191868,48.401222222,-123.408777777,55.0,55.0,,Temperature,TimeSeries,http://dap.onc.uvic.ca/erddap
0,scalar_1192936,48.4011,-123.4084833,55.0,55.0,,Temperature,TimeSeries,http://dap.onc.uvic.ca/erddap
0,scalar_1193728,48.401283333,-123.4083,56.0,56.0,,Temperature,TimeSeries,http://dap.onc.uvic.ca/erddap
0,scalar_1197597,48.401,-123.4089167,55.0,55.0,,Temperature,TimeSeries,http://dap.onc.uvic.ca/erddap
0,scalar_1199523,48.4010833,-123.4089333,56.0,56.0,,Temperature,TimeSeries,http://dap.onc.uvic.ca/erddap
0,scalar_1201740,48.4010667,-123.4088333,57.0,57.0,,Temperature,TimeSeries,http://dap.onc.uvic.ca/erddap
0,scalar_1203131,48.40083333333,-123.4091,57.0,57.0,,Temperature,TimeSeries,http://dap.onc.uvic.ca/erddap
0,scalar_119343,48.4011666667,-123.4089833333,55.0,55.0,,,TimeSeries,http://dap.onc.uvic.ca/erddap
0,scalar_1189898,48.401,-123.4089,56.0,56.0,,,TimeSeries,http://dap.onc.uvic.ca/erddap
0,scalar_1190719,48.4010833,-123.4089167,55.0,55.0,,,TimeSeries,http://dap.onc.uvic.ca/erddap
0,scalar_1191255,48.401139,-123.409083,55.0,55.0,,,TimeSeries,http://dap.onc.uvic.ca/erddap
0,scalar_1191867,48.401222222,-123.408777777,55.0,55.0,,,TimeSeries,http://dap.onc.uvic.ca/erddap
0,scalar_1192935,48.4011,-123.4084833,55.0,55.0,,,TimeSeries,http://dap.onc.uvic.ca/erddap
0,scalar_1193732,48.401283333,-123.4083,56.0,56.0,,,TimeSeries,http://dap.onc.uvic.ca/erddap
0,scalar_1195201,48.4012,-123.4091333,56.0,56.0,,,TimeSeries,http://dap.onc.uvic.ca/erddap
0,scalar_1196235,48.401116666,-123.408966666,58.0,58.0,,,TimeSeries,http://dap.onc.uvic.ca/erddap
0,scalar_1197599,48.401,-123.4089167,55.0,55.0,,,TimeSeries,http://dap.onc.uvic.ca/erddap
0,scalar_1199527,48.4010833,-123.4089333,56.0,56.0,,,TimeSeries,http://dap.onc.uvic.ca/erddap
0,scalar_1201745,48.4010667,-123.4088333,57.0,57.0,,,TimeSeries,http://dap.onc.uvic.ca/erddap
0,scalar_1205678,48.40083333333,-123.4091,57.0,57.0,,,TimeSeries,http://dap.onc.uvic.ca/erddap
0,scalar_1191062,48.650733333,-123.486405,102.0,102.0,,Temperature,TimeSeries,http://dap.onc.uvic.ca/erddap
0,scalar_1191061,48.650733333,-123.486405,102.0,102.0,,,TimeSeries,http://dap.onc.uvic.ca/erddap
0,scalar_1192394,48.650793,-123.486466,97.0,97.0,salinity,Temperature,TimeSeries,http://dap.onc.uvic.ca/erddap
0,scalar_119144,48.650535,-123.48612,96.0,96.0,,,TimeSeries,http://dap.onc.uvic.ca/erddap
0,scalar_119183,48.6513966667,-123.487195,92.0,92.0,,,TimeSeries,http://dap.onc.uvic.ca/erddap
0,scalar_1189063,48.6514,-123.4872,92.0,92.0,,Temperature,TimeSeries,http://dap.onc.uvic.ca/erddap
0,scalar_119182,48.6513966667,-123.487195,92.0,92.0,,,TimeSeries,http://dap.onc.uvic.ca/erddap
0,scalar_1189062,48.6514,-123.4872,92.0,92.0,,,TimeSeries,http://dap.onc.uvic.ca/erddap
0,scalar_118600,48.65116,-123.486085,96.0,96.0,,Temperature,TimeSeries,http://dap.onc.uvic.ca/erddap
0,scalar_119123,48.6511333333,-123.48602,96.0,96.0,,Temperature,TimeSeries,http://dap.onc.uvic.ca/erddap
0,scalar_118599,48.65116,-123.486085,96.0,96.0,salinity,Temperature,TimeSeries,http://dap.onc.uvic.ca/erddap
0,scalar_119122,48.6511333333,-123.48602,96.0,96.0,salinity,Temperature,TimeSeries,http://dap.onc.uvic.ca/erddap
0,scalar_1191057,48.651106666,-123.486136666,96.0,96.0,,,TimeSeries,http://dap.onc.uvic.ca/erddap
0,scalar_1191058,48.651106666,-123.486136666,96.0,96.0,,temperature,TimeSeries,http://dap.onc.uvic.ca/erddap
0,profile_119268,48.6222833333,-123.4988833333,,,salinity,Temperature,TimeSeriesProfile,http://dap.onc.uvic.ca/erddap
0,profile_1190697,48.6222833333,-123.4988833333,,,salinity,Temperature,TimeSeriesProfile,http://dap.onc.uvic.ca/erddap
0,profile_1191669,48.6222833333,-123.4988833333,,,salinity,Temperature,TimeSeriesProfile,http://dap.onc.uvic.ca/erddap
0,profile_1193040,48.6222833333,-123.4988833333,,,salinity,Temperature,TimeSeriesProfile,http://dap.onc.uvic.ca/erddap
0,profile_1193645,48.6222833333,-123.4988833333,,,,,TimeSeriesProfile,http://dap.onc.uvic.ca/erddap
0,profile_1193644,48.6222833333,-123.4988833333,,,,,TimeSeriesProfile,http://dap.onc.uvic.ca/erddap
0,profile_1195373,48.6222833333,-123.4988833333,,,salinity,Temperature,TimeSeriesProfile,http://dap.onc.uvic.ca/erddap
0,profile_1195662,48.6222833333,-123.4988833333,,,salinity,Temperature,TimeSeriesProfile,http://dap.onc.uvic.ca/erddap
0,scalar_1197239,48.6222833333,-123.4988833333,0.0,0.0,,,TimeSeries,http://dap.onc.uvic.ca/erddap
0,profile_1190701,48.6222833333,-123.4988833333,,,,,TimeSeriesProfile,http://dap.onc.uvic.ca/erddap
0,profile_1191673,48.6222833333,-123.4988833333,,,,,TimeSeriesProfile,http://dap.onc.uvic.ca/erddap
0,profile_1193045,48.6222833333,-123.4988833333,,,,,TimeSeriesProfile,http://dap.onc.uvic.ca/erddap
0,profile_1193044,48.6222833333,-123.4988833333,,,,,TimeSeriesProfile,http://dap.onc.uvic.ca/erddap
0,profile_1195378,48.6222833333,-123.4988833333,,,,,TimeSeriesProfile,http://dap.onc.uvic.ca/erddap
0,profile_1195666,48.6222833333,-123.4988833333,,,,,TimeSeriesProfile,http://dap.onc.uvic.ca/erddap
0,profile_1195664,48.6222833333,-123.4988833333,,,,Temperature,TimeSeriesProfile,http://dap.onc.uvic.ca/erddap
0,profile_119271,48.6222833333,-123.4988833333,,,,Temperature,TimeSeriesProfile,http://dap.onc.uvic.ca/erddap
0,profile_1190700,48.6222833333,-123.4988833333,,,,Temperature,TimeSeriesProfile,http://dap.onc.uvic.ca/erddap
0,profile_1191672,48.6222833333,-123.4988833333,,,,Temperature,TimeSeriesProfile,http://dap.onc.uvic.ca/erddap
0,profile_1193043,48.6222833333,-123.4988833333,,,,Temperature,TimeSeriesProfile,http://dap.onc.uvic.ca/erddap
0,profile_1195376,48.6222833333,-123.4988833333,,,,Temperature,TimeSeriesProfile,http://dap.onc.uvic.ca/erddap
0,profile_1190698,48.6222833333,-123.4988833333,,,,,TimeSeriesProfile,http://dap.onc.uvic.ca/erddap
0,profile_1191670,48.6222833333,-123.4988833333,,,,,TimeSeriesProfile,http://dap.onc.uvic.ca/erddap
0,profile_1193041,48.6222833333,-123.4988833333,,,,,TimeSeriesProfile,http://dap.onc.uvic.ca/erddap
0,profile_1195374,48.6222833333,-123.4988833333,,,,,TimeSeriesProfile,http://dap.onc.uvic.ca/erddap
0,profile_1195663,48.6222833333,-123.4988833333,,,,,TimeSeriesProfile,http://dap.onc.uvic.ca/erddap
0,scalar_1138,48.6507367,-123.4874917,102.0,102.0,,Temperature,TimeSeries,http://dap.onc.uvic.ca/erddap
0,scalar_22656,48.6507467,-123.4860767,95.0,95.0,,Temperature,TimeSeries,http://dap.onc.uvic.ca/erddap
0,scalar_1563,48.6513816667,-123.4867816667,99.0,99.0,,Temperature,TimeSeries,http://dap.onc.uvic.ca/erddap
0,scalar_30164,48.6507816667,-123.48735,102.0,102.0,,Temperature,TimeSeries,http://dap.onc.uvic.ca/erddap
0,scalar_117484,48.6508416667,-123.4874766667,102.5,102.5,,Temperature,TimeSeries,http://dap.onc.uvic.ca/erddap
0,scalar_118572,48.6508716667,-123.4882266667,104.0,104.0,,Temperature,TimeSeries,http://dap.onc.uvic.ca/erddap
0,scalar_119127,48.650905,-123.48749,103.0,103.0,,Temperature,TimeSeries,http://dap.onc.uvic.ca/erddap
0,scalar_22651,48.6507467,-123.4860767,95.0,95.0,,,TimeSeries,http://dap.onc.uvic.ca/erddap
0,scalar_1523,48.65088666,-123.48739166,100.0,100.0,,Temperature,TimeSeries,http://dap.onc.uvic.ca/erddap
0,scalar_1559,48.6513816667,-123.4867816667,99.0,99.0,,Temperature,TimeSeries,http://dap.onc.uvic.ca/erddap
0,scalar_30162,48.6507816667,-123.48735,102.0,102.0,salinity,Temperature,TimeSeries,http://dap.onc.uvic.ca/erddap
0,scalar_117480,48.6508416667,-123.4874766667,102.5,102.5,salinity,Temperature,TimeSeries,http://dap.onc.uvic.ca/erddap
0,scalar_1133,48.6507367,-123.4874917,102.0,102.0,,,TimeSeries,http://dap.onc.uvic.ca/erddap
0,scalar_117572,48.65076,-123.4874416667,103.0,103.0,salinity,Temperature,TimeSeries,http://dap.onc.uvic.ca/erddap
0,scalar_117887,48.6514383333,-123.48677,97.0,97.0,salinity,Temperature,TimeSeries,http://dap.onc.uvic.ca/erddap
0,scalar_118571,48.6508716667,-123.4882266667,104.0,104.0,salinity,Temperature,TimeSeries,http://dap.onc.uvic.ca/erddap
0,scalar_119126,48.650905,-123.48749,103.0,103.0,,,TimeSeries,http://dap.onc.uvic.ca/erddap
0,scalar_1189067,48.6509166667,-123.4874033333,102.0,102.0,,,TimeSeries,http://dap.onc.uvic.ca/erddap
0,scalar_1189354,48.6509166667,-123.4874033333,102.0,102.0,,,TimeSeries,http://dap.onc.uvic.ca/erddap
0,scalar_117582,48.65076,-123.4874416667,103.0,103.0,,,TimeSeries,http://dap.onc.uvic.ca/erddap
0,scalar_117888,48.6514383333,-123.48677,97.0,97.0,,,TimeSeries,http://dap.onc.uvic.ca/erddap
0,scalar_1189068,48.6509166667,-123.4874033333,102.0,102.0,,,TimeSeries,http://dap.onc.uvic.ca/erddap
0,scalar_1189355,48.6509166667,-123.4874033333,102.0,102.0,,,TimeSeries,http://dap.onc.uvic.ca/erddap
0,scalar_119128,48.650905,-123.48749,103.0,103.0,,,TimeSeries,http://dap.onc.uvic.ca/erddap
0,scalar_1189189,48.6509166667,-123.4874033333,102.0,102.0,,temperature,TimeSeries,http://dap.onc.uvic.ca/erddap
0,scalar_1189356,48.6509166667,-123.4874033333,102.0,102.0,,temperature,TimeSeries,http://dap.onc.uvic.ca/erddap
0,scalar_119358,48.6495,-123.4757833333,23.0,23.0,salinity,Temperature,TimeSeries,http://dap.onc.uvic.ca/erddap
0,scalar_1189944,48.6495,-123.4757833333,23.0,23.0,,Temperature,TimeSeries,http://dap.onc.uvic.ca/erddap
0,scalar_1190043,48.6495,-123.4757833333,23.0,23.0,salinity,Temperature,TimeSeries,http://dap.onc.uvic.ca/erddap
0,scalar_119355,48.6495,-123.4757833333,23.0,23.0,,,TimeSeries,http://dap.onc.uvic.ca/erddap
0,scalar_1189533,48.6495,-123.4757833333,23.0,23.0,,,TimeSeries,http://dap.onc.uvic.ca/erddap
0,scalar_1189943,48.6495,-123.4757833333,23.0,23.0,,,TimeSeries,http://dap.onc.uvic.ca/erddap
0,scalar_1190225,48.6495,-123.4757833333,23.0,23.0,,,TimeSeries,http://dap.onc.uvic.ca/erddap
0,scalar_1189413,48.6495,-123.4757833333,23.0,23.0,,,TimeSeries,http://dap.onc.uvic.ca/erddap
0,scalar_1190044,48.6495,-123.4757833333,23.0,23.0,,,TimeSeries,http://dap.onc.uvic.ca/erddap
0,scalar_1189945,48.6495,-123.4757833333,23.0,23.0,,temperature,TimeSeries,http://dap.onc.uvic.ca/erddap
0,scalar_119347,48.68835,-123.5004,91.0,91.0,,Temperature,TimeSeries,http://dap.onc.uvic.ca/erddap
0,scalar_1189082,48.6859166667,-123.5036766667,94.0,94.0,,Temperature,TimeSeries,http://dap.onc.uvic.ca/erddap
0,scalar_1190790,48.68855,-123.499466,80.0,80.0,,,TimeSeries,http://dap.onc.uvic.ca/erddap
0,scalar_1192443,48.688398,-123.50013333,90.0,90.0,,Temperature,TimeSeries,http://dap.onc.uvic.ca/erddap
0,scalar_1194688,48.6881167,-123.5001,91.0,91.0,,Temperature,TimeSeries,http://dap.onc.uvic.ca/erddap
0,scalar_1196832,48.68872548,-123.4996846,87.0,87.0,,Temperature,TimeSeries,http://dap.onc.uvic.ca/erddap
0,scalar_1197785,48.68805251,-123.4999605,88.0,88.0,,Temperature,TimeSeries,http://dap.onc.uvic.ca/erddap
0,scalar_1190000,48.6916966667,-123.5000416667,94.0,94.0,,,TimeSeries,http://dap.onc.uvic.ca/erddap
0,scalar_119345,48.68835,-123.5004,91.0,91.0,,,TimeSeries,http://dap.onc.uvic.ca/erddap
0,scalar_1189081,48.6859166667,-123.5036766667,94.0,94.0,,,TimeSeries,http://dap.onc.uvic.ca/erddap
0,scalar_1190789,48.68855,-123.499466,80.0,80.0,salinity,Temperature,TimeSeries,http://dap.onc.uvic.ca/erddap
0,scalar_1192441,48.688398,-123.50013333,90.0,90.0,,Temperature,TimeSeries,http://dap.onc.uvic.ca/erddap
0,scalar_1194686,48.6881167,-123.5001,91.0,91.0,,Temperature,TimeSeries,http://dap.onc.uvic.ca/erddap
0,scalar_1196831,48.68872548,-123.4996846,87.0,87.0,salinity,Temperature,TimeSeries,http://dap.onc.uvic.ca/erddap
0,scalar_1197783,48.68805251,-123.4999605,88.0,88.0,salinity,Temperature,TimeSeries,http://dap.onc.uvic.ca/erddap
0,scalar_1202839,48.687882,-123.500483,89.0,89.0,salinity,Temperature,TimeSeries,http://dap.onc.uvic.ca/erddap
0,scalar_1202840,48.687882,-123.500483,89.0,89.0,,,TimeSeries,http://dap.onc.uvic.ca/erddap
0,scalar_1190002,48.6916966667,-123.5000416667,94.0,94.0,,,TimeSeries,http://dap.onc.uvic.ca/erddap
0,scalar_1201271,48.6880496,-123.49990574,93.0,93.0,,,TimeSeries,http://dap.onc.uvic.ca/erddap
0,scalar_30026,48.65138,-123.48629,97.0,97.0,,Temperature,TimeSeries,http://dap.onc.uvic.ca/erddap
0,scalar_9,48.65132,-123.4860217,98.0,98.0,,Temperature,TimeSeries,http://dap.onc.uvic.ca/erddap
0,scalar_19,48.6511983,-123.4860083,98.0,98.0,,Temperature,TimeSeries,http://dap.onc.uvic.ca/erddap
0,scalar_79,48.6512217,-123.4860533,98.0,98.0,,Temperature,TimeSeries,http://dap.onc.uvic.ca/erddap
0,scalar_1128,48.6512033,-123.4861419,96.0,96.0,,Temperature,TimeSeries,http://dap.onc.uvic.ca/erddap
0,scalar_22630,48.65127,-123.48615,96.0,96.0,,Temperature,TimeSeries,http://dap.onc.uvic.ca/erddap
0,scalar_1502,48.65120333,-123.48614166,96.0,96.0,,Temperature,TimeSeries,http://dap.onc.uvic.ca/erddap
0,scalar_1553,48.6511783333,-123.4862866667,97.4,97.4,,Temperature,TimeSeries,http://dap.onc.uvic.ca/erddap
0,scalar_30155,48.651178333,-123.48628666,97.4,97.4,,Temperature,TimeSeries,http://dap.onc.uvic.ca/erddap
0,scalar_117476,48.6514,-123.486225,95.5,95.5,,Temperature,TimeSeries,http://dap.onc.uvic.ca/erddap
0,scalar_117564,48.6513166667,-123.4863466667,95.0,95.0,,Temperature,TimeSeries,http://dap.onc.uvic.ca/erddap
0,scalar_117879,48.6513316667,-123.4863216667,97.0,97.0,,Temperature,TimeSeries,http://dap.onc.uvic.ca/erddap
0,scalar_118025,48.65132,-123.4863883333,95.0,95.0,,Temperature,TimeSeries,http://dap.onc.uvic.ca/erddap
0,scalar_118547,48.6512433333,-123.4865416667,95.0,95.0,,Temperature,TimeSeries,http://dap.onc.uvic.ca/erddap
0,scalar_118509,48.65136,-123.4864183333,97.0,97.0,,Temperature,TimeSeries,http://dap.onc.uvic.ca/erddap
0,scalar_118644,48.651355,-123.486399,96.0,96.0,,Temperature,TimeSeries,http://dap.onc.uvic.ca/erddap
0,scalar_119115,48.6513133333,-123.4863533333,96.0,96.0,,Temperature,TimeSeries,http://dap.onc.uvic.ca/erddap
0,scalar_1189108,48.651265,-123.486535,96.0,96.0,,Temperature,TimeSeries,http://dap.onc.uvic.ca/erddap
0,scalar_1189778,48.651281666,-123.486421666,98.0,98.0,,Temperature,TimeSeries,http://dap.onc.uvic.ca/erddap
0,scalar_1190183,48.6513033,-123.48645,99.0,99.0,,Temperature,TimeSeries,http://dap.onc.uvic.ca/erddap
0,scalar_1201265,48.6513831,-123.486321,92.0,92.0,,Temperature,TimeSeries,http://dap.onc.uvic.ca/erddap
0,scalar_7,48.65138,-123.48629,97.0,97.0,,Temperature,TimeSeries,http://dap.onc.uvic.ca/erddap
0,scalar_17,48.6511983,-123.4860083,98.0,98.0,,Temperature,TimeSeries,http://dap.onc.uvic.ca/erddap
0,scalar_77,48.6512217,-123.4860533,98.0,98.0,,Temperature,TimeSeries,http://dap.onc.uvic.ca/erddap
0,scalar_1126,48.6512033,-123.4861419,96.0,96.0,,Temperature,TimeSeries,http://dap.onc.uvic.ca/erddap
0,scalar_117882,48.6513316667,-123.4863216667,97.0,97.0,,Temperature,TimeSeries,http://dap.onc.uvic.ca/erddap
0,scalar_118031,48.65132,-123.4863883333,95.0,95.0,,Temperature,TimeSeries,http://dap.onc.uvic.ca/erddap
0,scalar_30015,48.65138,-123.48629,97.0,97.0,salinity,Temperature,TimeSeries,http://dap.onc.uvic.ca/erddap
0,scalar_30020,48.65138,-123.48629,97.0,97.0,salinity,Temperature,TimeSeries,http://dap.onc.uvic.ca/erddap
0,scalar_4,48.65132,-123.4860217,98.0,98.0,salinity,Temperature,TimeSeries,http://dap.onc.uvic.ca/erddap
0,scalar_8,48.65132,-123.4860217,98.0,98.0,salinity,Temperature,TimeSeries,http://dap.onc.uvic.ca/erddap
0,scalar_15,48.6511983,-123.4860083,98.0,98.0,salinity,Temperature,TimeSeries,http://dap.onc.uvic.ca/erddap
0,scalar_18,48.6511983,-123.4860083,98.0,98.0,salinity,Temperature,TimeSeries,http://dap.onc.uvic.ca/erddap
0,scalar_75,48.6512217,-123.4860533,98.0,98.0,salinity,Temperature,TimeSeries,http://dap.onc.uvic.ca/erddap
0,scalar_78,48.6512217,-123.4860533,98.0,98.0,salinity,Temperature,TimeSeries,http://dap.onc.uvic.ca/erddap
0,scalar_1123,48.6512033,-123.4861419,96.0,96.0,salinity,Temperature,TimeSeries,http://dap.onc.uvic.ca/erddap
0,scalar_1127,48.6512033,-123.4861419,96.0,96.0,salinity,Temperature,TimeSeries,http://dap.onc.uvic.ca/erddap
0,scalar_22628,48.65127,-123.48615,96.0,96.0,salinity,Temperature,TimeSeries,http://dap.onc.uvic.ca/erddap
0,scalar_22629,48.65127,-123.48615,96.0,96.0,salinity,Temperature,TimeSeries,http://dap.onc.uvic.ca/erddap
0,scalar_1501,48.65120333,-123.48614166,96.0,96.0,salinity,Temperature,TimeSeries,http://dap.onc.uvic.ca/erddap
0,scalar_1552,48.6511783333,-123.4862866667,97.4,97.4,salinity,Temperature,TimeSeries,http://dap.onc.uvic.ca/erddap
0,scalar_30154,48.651178333,-123.48628666,97.4,97.4,salinity,Temperature,TimeSeries,http://dap.onc.uvic.ca/erddap
0,scalar_117473,48.6514,-123.486225,95.5,95.5,salinity,Temperature,TimeSeries,http://dap.onc.uvic.ca/erddap
0,scalar_117563,48.6513166667,-123.4863466667,95.0,95.0,salinity,Temperature,TimeSeries,http://dap.onc.uvic.ca/erddap
0,scalar_117878,48.6513316667,-123.4863216667,97.0,97.0,salinity,Temperature,TimeSeries,http://dap.onc.uvic.ca/erddap
0,scalar_118024,48.65132,-123.4863883333,95.0,95.0,salinity,Temperature,TimeSeries,http://dap.onc.uvic.ca/erddap
0,scalar_118543,48.6512433333,-123.4865416667,95.0,95.0,salinity,Temperature,TimeSeries,http://dap.onc.uvic.ca/erddap
0,scalar_118508,48.65136,-123.4864183333,97.0,97.0,salinity,Temperature,TimeSeries,http://dap.onc.uvic.ca/erddap
0,scalar_118643,48.651355,-123.486399,96.0,96.0,salinity,Temperature,TimeSeries,http://dap.onc.uvic.ca/erddap
0,scalar_119114,48.6513133333,-123.4863533333,96.0,96.0,salinity,Temperature,TimeSeries,http://dap.onc.uvic.ca/erddap
0,scalar_1189184,48.651265,-123.486535,96.0,96.0,salinity,Temperature,TimeSeries,http://dap.onc.uvic.ca/erddap
0,scalar_1189776,48.651281666,-123.486421666,98.0,98.0,salinity,Temperature,TimeSeries,http://dap.onc.uvic.ca/erddap
0,scalar_1190182,48.6513033,-123.48645,99.0,99.0,salinity,Temperature,TimeSeries,http://dap.onc.uvic.ca/erddap
0,scalar_1191065,48.651216666,-123.486613333,99.0,99.0,salinity,Temperature,TimeSeries,http://dap.onc.uvic.ca/erddap
0,scalar_1191815,48.651326666,-123.486545,94.0,94.0,salinity,Temperature,TimeSeries,http://dap.onc.uvic.ca/erddap
0,scalar_1192537,48.651315,-123.4863635,98.0,98.0,salinity,Temperature,TimeSeries,http://dap.onc.uvic.ca/erddap
0,scalar_1193871,48.6513,-123.48637,92.0,92.0,salinity,Temperature,TimeSeries,http://dap.onc.uvic.ca/erddap
0,scalar_1194986,48.65133,-123.48645167,94.0,94.0,,,TimeSeries,http://dap.onc.uvic.ca/erddap
0,scalar_1196821,48.6513662,-123.4863579,93.0,93.0,,,TimeSeries,http://dap.onc.uvic.ca/erddap
0,scalar_1201259,48.6513831,-123.486321,92.0,92.0,salinity,Temperature,TimeSeries,http://dap.onc.uvic.ca/erddap
0,scalar_1202478,48.651396,-123.486348,93.0,93.0,salinity,Temperature,TimeSeries,http://dap.onc.uvic.ca/erddap
0,scalar_1203396,48.6512815,-123.48627772,96.0,96.0,salinity,Temperature,TimeSeries,http://dap.onc.uvic.ca/erddap
0,scalar_1205381,48.65132136,-123.48639249,96.0,96.0,,Temperature,TimeSeries,http://dap.onc.uvic.ca/erddap
0,scalar_1206396,48.65140676,-123.48647179,93.0,93.0,,Temperature,TimeSeries,http://dap.onc.uvic.ca/erddap
0,scalar_117568,48.6513166667,-123.4863466667,95.0,95.0,,Temperature,TimeSeries,http://dap.onc.uvic.ca/erddap
0,scalar_117905,48.6513316667,-123.4863216667,97.0,97.0,,Temperature,TimeSeries,http://dap.onc.uvic.ca/erddap
0,scalar_118028,48.65132,-123.4863883333,95.0,95.0,,Temperature,TimeSeries,http://dap.onc.uvic.ca/erddap
0,scalar_118512,48.65136,-123.4864183333,97.0,97.0,,Temperature,TimeSeries,http://dap.onc.uvic.ca/erddap
0,scalar_118762,48.651355,-123.486399,96.0,96.0,,Temperature,TimeSeries,http://dap.onc.uvic.ca/erddap
0,scalar_119116,48.6513133333,-123.4863533333,96.0,96.0,,Temperature,TimeSeries,http://dap.onc.uvic.ca/erddap
0,scalar_1189109,48.651265,-123.486535,96.0,96.0,,Temperature,TimeSeries,http://dap.onc.uvic.ca/erddap
0,scalar_1189779,48.651281666,-123.486421666,98.0,98.0,,Temperature,TimeSeries,http://dap.onc.uvic.ca/erddap
0,scalar_1190184,48.6513033,-123.48645,99.0,99.0,,Temperature,TimeSeries,http://dap.onc.uvic.ca/erddap
0,scalar_1191067,48.651216666,-123.486613333,99.0,99.0,,Temperature,TimeSeries,http://dap.onc.uvic.ca/erddap
0,scalar_1191818,48.651326666,-123.486545,94.0,94.0,,Temperature,TimeSeries,http://dap.onc.uvic.ca/erddap
0,scalar_1192542,48.651315,-123.4863635,98.0,98.0,,Temperature,TimeSeries,http://dap.onc.uvic.ca/erddap
0,scalar_1193877,48.6513,-123.48637,92.0,92.0,,Temperature,TimeSeries,http://dap.onc.uvic.ca/erddap
0,scalar_1194988,48.65133,-123.48645167,94.0,94.0,,Temperature,TimeSeries,http://dap.onc.uvic.ca/erddap
0,scalar_1196827,48.6513662,-123.4863579,93.0,93.0,,Temperature,TimeSeries,http://dap.onc.uvic.ca/erddap
0,scalar_1201263,48.6513831,-123.486321,92.0,92.0,,Temperature,TimeSeries,http://dap.onc.uvic.ca/erddap
0,scalar_1205383,48.65132136,-123.48639249,96.0,96.0,,Temperature,TimeSeries,http://dap.onc.uvic.ca/erddap
0,scalar_1206398,48.65140676,-123.48647179,93.0,93.0,,Temperature,TimeSeries,http://dap.onc.uvic.ca/erddap
0,scalar_65,48.6512217,-123.4860533,98.0,98.0,,,TimeSeries,http://dap.onc.uvic.ca/erddap
0,scalar_1130,48.6512033,-123.4861419,96.0,96.0,,,TimeSeries,http://dap.onc.uvic.ca/erddap
0,scalar_22632,48.65127,-123.48615,96.0,96.0,,,TimeSeries,http://dap.onc.uvic.ca/erddap
0,scalar_102,48.65120333,-123.48614166,96.0,96.0,,,TimeSeries,http://dap.onc.uvic.ca/erddap
0,scalar_1555,48.6511783333,-123.4862866667,97.4,97.4,,,TimeSeries,http://dap.onc.uvic.ca/erddap
0,scalar_30158,48.651178333,-123.48628666,97.4,97.4,,,TimeSeries,http://dap.onc.uvic.ca/erddap
0,scalar_117479,48.6514,-123.486225,95.5,95.5,,,TimeSeries,http://dap.onc.uvic.ca/erddap
0,scalar_117567,48.6513166667,-123.4863466667,95.0,95.0,,,TimeSeries,http://dap.onc.uvic.ca/erddap
0,scalar_117880,48.6513316667,-123.4863216667,97.0,97.0,,,TimeSeries,http://dap.onc.uvic.ca/erddap
0,scalar_118027,48.65132,-123.4863883333,95.0,95.0,,,TimeSeries,http://dap.onc.uvic.ca/erddap
0,scalar_118550,48.6512433333,-123.4865416667,95.0,95.0,,,TimeSeries,http://dap.onc.uvic.ca/erddap
0,scalar_118511,48.65136,-123.4864183333,97.0,97.0,,,TimeSeries,http://dap.onc.uvic.ca/erddap
0,scalar_1191066,48.651216666,-123.486613333,99.0,99.0,,,TimeSeries,http://dap.onc.uvic.ca/erddap
0,scalar_1191817,48.651326666,-123.486545,94.0,94.0,,,TimeSeries,http://dap.onc.uvic.ca/erddap
0,scalar_1192541,48.651315,-123.4863635,98.0,98.0,,,TimeSeries,http://dap.onc.uvic.ca/erddap
0,scalar_1193875,48.6513,-123.48637,92.0,92.0,,,TimeSeries,http://dap.onc.uvic.ca/erddap
0,scalar_1194987,48.65133,-123.48645167,94.0,94.0,,,TimeSeries,http://dap.onc.uvic.ca/erddap
0,scalar_1196824,48.6513662,-123.4863579,93.0,93.0,,,TimeSeries,http://dap.onc.uvic.ca/erddap
0,scalar_1202481,48.651396,-123.486348,93.0,93.0,,temperature,TimeSeries,http://dap.onc.uvic.ca/erddap
0,scalar_1203397,48.6512815,-123.48627772,96.0,96.0,,temperature,TimeSeries,http://dap.onc.uvic.ca/erddap
0,scalar_1205382,48.65132136,-123.48639249,96.0,96.0,,temperature,TimeSeries,http://dap.onc.uvic.ca/erddap
0,scalar_1206397,48.65140676,-123.48647179,93.0,93.0,,temperature,TimeSeries,http://dap.onc.uvic.ca/erddap
0,scalar_1203275,49.4868853,-124.769333,20.0,20.0,salinity,Temperature,TimeSeries,http://dap.onc.uvic.ca/erddap
0,scalar_1205780,49.4868853,-124.769333,18.0,18.0,salinity,Temperature,TimeSeries,http://dap.onc.uvic.ca/erddap
0,scalar_1203276,49.4868853,-124.769333,20.0,20.0,,,TimeSeries,http://dap.onc.uvic.ca/erddap
0,scalar_1205781,49.4868853,-124.769333,18.0,18.0,,,TimeSeries,http://dap.onc.uvic.ca/erddap
0,scalar_1206032,49.4868853,-124.769333,18.0,18.0,,,TimeSeries,http://dap.onc.uvic.ca/erddap
0,scalar_1203277,49.4868853,-124.769333,20.0,20.0,,temperature,TimeSeries,http://dap.onc.uvic.ca/erddap
0,scalar_1205779,49.4868853,-124.769333,18.0,18.0,,temperature,TimeSeries,http://dap.onc.uvic.ca/erddap
0,scalar_1206033,49.4868853,-124.769333,38.0,38.0,salinity,Temperature,TimeSeries,http://dap.onc.uvic.ca/erddap
0,scalar_1206034,49.4868853,-124.769333,38.0,38.0,,temperature,TimeSeries,http://dap.onc.uvic.ca/erddap
0,scalar_1203272,49.4868853,-124.769333,40.0,40.0,salinity,Temperature,TimeSeries,http://dap.onc.uvic.ca/erddap
0,scalar_1205786,49.4868853,-124.769333,38.0,38.0,salinity,Temperature,TimeSeries,http://dap.onc.uvic.ca/erddap
0,scalar_1203273,49.4868853,-124.769333,40.0,40.0,,,TimeSeries,http://dap.onc.uvic.ca/erddap
0,scalar_1205784,49.4868853,-124.769333,38.0,38.0,,,TimeSeries,http://dap.onc.uvic.ca/erddap
0,scalar_1203274,49.4868853,-124.769333,40.0,40.0,,temperature,TimeSeries,http://dap.onc.uvic.ca/erddap
0,scalar_1205785,49.4868853,-124.769333,38.0,38.0,,temperature,TimeSeries,http://dap.onc.uvic.ca/erddap
0,scalar_1203269,49.4868853,-124.769333,5.0,5.0,salinity,Temperature,TimeSeries,http://dap.onc.uvic.ca/erddap
0,scalar_1205756,49.4868853,-124.769333,3.0,3.0,salinity,Temperature,TimeSeries,http://dap.onc.uvic.ca/erddap
0,scalar_1203270,49.4868853,-124.769333,5.0,5.0,,,TimeSeries,http://dap.onc.uvic.ca/erddap
0,scalar_1205788,49.4868853,-124.769333,3.0,3.0,,,TimeSeries,http://dap.onc.uvic.ca/erddap
0,scalar_1203271,49.4868853,-124.769333,5.0,5.0,,temperature,TimeSeries,http://dap.onc.uvic.ca/erddap
0,scalar_1205789,49.4868853,-124.769333,3.0,3.0,,temperature,TimeSeries,http://dap.onc.uvic.ca/erddap
0,scalar_1206862,49.4868853,-124.769333,3.0,3.0,,,TimeSeries,http://dap.onc.uvic.ca/erddap
0,scalar_1206863,49.4868853,-124.769333,38.0,38.0,,,TimeSeries,http://dap.onc.uvic.ca/erddap
0,scalar_1206864,49.4868853,-124.769333,18.0,18.0,,,TimeSeries,http://dap.onc.uvic.ca/erddap
0,scalar_1191312,48.7659333333,-123.0385166667,228.0,228.0,salinity,temperature,TimeSeries,http://dap.onc.uvic.ca/erddap
0,scalar_1191318,48.7663,-123.0402166667,223.0,223.0,salinity,temperature,TimeSeries,http://dap.onc.uvic.ca/erddap
0,scalar_1189883,48.7665333333,-123.0391333333,219.0,219.0,salinity,temperature,TimeSeries,http://dap.onc.uvic.ca/erddap
0,scalar_1190435,48.766366,-123.0392166,220.0,220.0,salinity,temperature,TimeSeries,http://dap.onc.uvic.ca/erddap
0,scalar_1191236,48.7665,-123.039556,216.0,216.0,salinity,temperature,TimeSeries,http://dap.onc.uvic.ca/erddap
0,scalar_1191852,48.766222222,-123.039194444,229.0,229.0,salinity,temperature,TimeSeries,http://dap.onc.uvic.ca/erddap
0,scalar_1192920,48.76641667,-123.0387833,220.0,220.0,salinity,temperature,TimeSeries,http://dap.onc.uvic.ca/erddap
0,scalar_1193714,48.7666,-123.03785,227.0,227.0,salinity,temperature,TimeSeries,http://dap.onc.uvic.ca/erddap
0,scalar_1195177,48.7664167,-123.0390833,223.0,223.0,salinity,temperature,TimeSeries,http://dap.onc.uvic.ca/erddap
0,scalar_1197995,48.694316666,-123.484366666,222.0,222.0,salinity,temperature,TimeSeries,http://dap.onc.uvic.ca/erddap
0,scalar_1199493,48.76665,-123.0394167,221.0,221.0,salinity,temperature,TimeSeries,http://dap.onc.uvic.ca/erddap
0,scalar_1201705,48.7662667,-123.0393167,226.0,226.0,salinity,temperature,TimeSeries,http://dap.onc.uvic.ca/erddap
0,scalar_1203078,48.7664666667,-123.04136666666,221.0,221.0,salinity,temperature,TimeSeries,http://dap.onc.uvic.ca/erddap
0,scalar_119337,48.7659333333,-123.0385166667,228.0,228.0,,Temperature,TimeSeries,http://dap.onc.uvic.ca/erddap
0,scalar_1189882,48.7665333333,-123.0391333333,219.0,219.0,,Temperature,TimeSeries,http://dap.onc.uvic.ca/erddap
0,scalar_1190434,48.766366,-123.0392166,220.0,220.0,,Temperature,TimeSeries,http://dap.onc.uvic.ca/erddap
0,scalar_1191854,48.766222222,-123.039194444,229.0,229.0,,Temperature,TimeSeries,http://dap.onc.uvic.ca/erddap
0,scalar_1192922,48.76641667,-123.0387833,220.0,220.0,,Temperature,TimeSeries,http://dap.onc.uvic.ca/erddap
0,scalar_1193715,48.7666,-123.03785,227.0,227.0,,Temperature,TimeSeries,http://dap.onc.uvic.ca/erddap
0,scalar_1196207,48.766333333,-123.03925,226.0,226.0,,Temperature,TimeSeries,http://dap.onc.uvic.ca/erddap
0,scalar_1197674,48.7666417,-123.040515,209.0,209.0,,Temperature,TimeSeries,http://dap.onc.uvic.ca/erddap
0,scalar_1197994,48.694316666,-123.484366666,222.0,222.0,,Temperature,TimeSeries,http://dap.onc.uvic.ca/erddap
0,scalar_1201703,48.7662667,-123.0393167,226.0,226.0,,Temperature,TimeSeries,http://dap.onc.uvic.ca/erddap
0,scalar_1203090,48.7664666667,-123.04136666666,221.0,221.0,,Temperature,TimeSeries,http://dap.onc.uvic.ca/erddap
0,scalar_119335,48.7659333333,-123.0385166667,228.0,228.0,,,TimeSeries,http://dap.onc.uvic.ca/erddap
0,scalar_1191319,48.7663,-123.0402166667,223.0,223.0,,,TimeSeries,http://dap.onc.uvic.ca/erddap
0,scalar_1189884,48.7665333333,-123.0391333333,219.0,219.0,,,TimeSeries,http://dap.onc.uvic.ca/erddap
0,scalar_1190436,48.766366,-123.0392166,220.0,220.0,,,TimeSeries,http://dap.onc.uvic.ca/erddap
0,scalar_1191237,48.7665,-123.039556,216.0,216.0,,,TimeSeries,http://dap.onc.uvic.ca/erddap
0,scalar_1191853,48.766222222,-123.039194444,229.0,229.0,,,TimeSeries,http://dap.onc.uvic.ca/erddap
0,scalar_1192921,48.76641667,-123.0387833,220.0,220.0,,,TimeSeries,http://dap.onc.uvic.ca/erddap
0,scalar_1193719,48.7666,-123.03785,227.0,227.0,,,TimeSeries,http://dap.onc.uvic.ca/erddap
0,scalar_1195179,48.7664167,-123.0390833,223.0,223.0,,,TimeSeries,http://dap.onc.uvic.ca/erddap
0,scalar_1196236,48.766333333,-123.03925,226.0,226.0,,,TimeSeries,http://dap.onc.uvic.ca/erddap
0,scalar_1197676,48.7666417,-123.040515,209.0,209.0,,,TimeSeries,http://dap.onc.uvic.ca/erddap
0,scalar_1197996,48.694316666,-123.484366666,222.0,222.0,,,TimeSeries,http://dap.onc.uvic.ca/erddap
0,scalar_1199494,48.76665,-123.0394167,221.0,221.0,,,TimeSeries,http://dap.onc.uvic.ca/erddap
0,scalar_1201706,48.7662667,-123.0393167,226.0,226.0,,,TimeSeries,http://dap.onc.uvic.ca/erddap
0,scalar_1203094,48.7664666667,-123.04136666666,221.0,221.0,,,TimeSeries,http://dap.onc.uvic.ca/erddap
0,scalar_1202592,49.30103,-123.10881,39.0,39.0,,temperature,TimeSeries,http://dap.onc.uvic.ca/erddap
0,currents_1202592,49.30103,-123.10881,,,,,TimeSeries,http://dap.onc.uvic.ca/erddap
0,scalar_1202593,49.30103,-123.10881,39.0,39.0,,,TimeSeries,http://dap.onc.uvic.ca/erddap
0,scalar_1202591,49.30103,-123.10881,39.0,39.0,Sensor9_Current,Temperature,TimeSeries,http://dap.onc.uvic.ca/erddap
0,scalar_1202589,49.30103,-123.10881,39.0,39.0,,,TimeSeries,http://dap.onc.uvic.ca/erddap
0,scalar_1199822,49.0373333,-123.416666,300.0,300.0,,temperature,TimeSeries,http://dap.onc.uvic.ca/erddap
0,scalar_1189073,49.0400783333,-123.4265066667,300.0,300.0,salinity,Temperature,TimeSeries,http://dap.onc.uvic.ca/erddap
0,scalar_1190248,49.08052166,-123.339465,142.0,142.0,salinity,Temperature,TimeSeries,http://dap.onc.uvic.ca/erddap
0,scalar_1191132,49.08075,-123.339633,149.0,149.0,salinity,Temperature,TimeSeries,http://dap.onc.uvic.ca/erddap
0,scalar_1192505,49.080645,-123.339628,147.0,147.0,salinity,Temperature,TimeSeries,http://dap.onc.uvic.ca/erddap
0,scalar_1193930,49.080678333,-123.339368333,143.0,143.0,salinity,Temperature,TimeSeries,http://dap.onc.uvic.ca/erddap
0,scalar_1195080,49.08064,-123.33926666666,145.0,145.0,salinity,Temperature,TimeSeries,http://dap.onc.uvic.ca/erddap
0,scalar_1198000,49.039466666,-123.425033333,305.0,305.0,,Temperature,TimeSeries,http://dap.onc.uvic.ca/erddap
0,scalar_1199819,49.0373333,-123.416666,300.0,300.0,salinity,Temperature,TimeSeries,http://dap.onc.uvic.ca/erddap
0,scalar_1195361,49.03975,-123.426333333,300.0,300.0,,,TimeSeries,http://dap.onc.uvic.ca/erddap
0,scalar_1198002,49.039466666,-123.425033333,305.0,305.0,,temperature,TimeSeries,http://dap.onc.uvic.ca/erddap
0,scalar_1189825,49.0400383333,-123.4254866667,297.0,297.0,,,TimeSeries,http://dap.onc.uvic.ca/erddap
0,scalar_1192545,49.04026333,-123.425415,300.0,300.0,,,TimeSeries,http://dap.onc.uvic.ca/erddap
0,scalar_1192546,49.04026333,-123.425415,300.0,300.0,,Temperature,TimeSeries,http://dap.onc.uvic.ca/erddap
0,scalar_1195360,49.03975,-123.426333333,300.0,300.0,salinity,Temperature,TimeSeries,http://dap.onc.uvic.ca/erddap
0,scalar_1196837,49.04068317,-123.42580933,298.0,298.0,,temperature,TimeSeries,http://dap.onc.uvic.ca/erddap
0,currents_1196837,49.04068317,-123.42580933,,,,,TimeSeries,http://dap.onc.uvic.ca/erddap
0,scalar_1201123,49.0400157,-123.4254499,296.0,296.0,,temperature,TimeSeries,http://dap.onc.uvic.ca/erddap
0,currents_1201123,49.0400157,-123.4254499,,,,,TimeSeries,http://dap.onc.uvic.ca/erddap
0,scalar_1206466,49.04002565,-123.42551274,294.0,294.0,,temperature,TimeSeries,http://dap.onc.uvic.ca/erddap
0,currents_1206466,49.04002565,-123.42551274,,,,,TimeSeries,http://dap.onc.uvic.ca/erddap
0,scalar_1579,49.0401383333,-123.426075,300.0,300.0,,,TimeSeries,http://dap.onc.uvic.ca/erddap
0,scalar_117456,49.0400166667,-123.4257233333,300.0,300.0,,,TimeSeries,http://dap.onc.uvic.ca/erddap
0,scalar_117542,49.0399866667,-123.4257166667,300.0,300.0,,,TimeSeries,http://dap.onc.uvic.ca/erddap
0,scalar_118224,49.0359833333,-123.4272166667,304.0,304.0,,Temperature,TimeSeries,http://dap.onc.uvic.ca/erddap
0,scalar_117896,49.0398866667,-123.4258516667,300.0,300.0,,,TimeSeries,http://dap.onc.uvic.ca/erddap
0,scalar_118119,49.0397483333,-123.4260166667,300.0,300.0,,,TimeSeries,http://dap.onc.uvic.ca/erddap
0,scalar_118535,49.0397416667,-123.4260166667,300.0,300.0,,,TimeSeries,http://dap.onc.uvic.ca/erddap
0,scalar_118699,49.0397416667,-123.4260166667,300.0,300.0,,,TimeSeries,http://dap.onc.uvic.ca/erddap
0,scalar_119305,49.0402,-123.4260333333,300.0,300.0,,Temperature,TimeSeries,http://dap.onc.uvic.ca/erddap
0,scalar_1189851,49.0402383333,-123.4263766667,299.0,299.0,,,TimeSeries,http://dap.onc.uvic.ca/erddap
0,scalar_1191082,49.040066666,-123.425825,297.0,297.0,,,TimeSeries,http://dap.onc.uvic.ca/erddap
0,scalar_1192562,49.040057,-123.425785,300.0,300.0,,Temperature,TimeSeries,http://dap.onc.uvic.ca/erddap
0,scalar_1193978,49.039981666,-123.425918333,294.0,294.0,,Temperature,TimeSeries,http://dap.onc.uvic.ca/erddap
0,scalar_1195090,49.039981666,-123.425918333,294.0,294.0,,Temperature,TimeSeries,http://dap.onc.uvic.ca/erddap
0,scalar_1578,49.0401383333,-123.426075,300.0,300.0,,,TimeSeries,http://dap.onc.uvic.ca/erddap
0,scalar_117452,49.0400166667,-123.4257233333,300.0,300.0,,,TimeSeries,http://dap.onc.uvic.ca/erddap
0,scalar_117541,49.0399866667,-123.4257166667,300.0,300.0,salinity,Temperature,TimeSeries,http://dap.onc.uvic.ca/erddap
0,scalar_118223,49.0359833333,-123.4272166667,304.0,304.0,,,TimeSeries,http://dap.onc.uvic.ca/erddap
0,scalar_117895,49.0398866667,-123.4258516667,300.0,300.0,salinity,Temperature,TimeSeries,http://dap.onc.uvic.ca/erddap
0,scalar_118118,49.0397483333,-123.4260166667,300.0,300.0,salinity,Temperature,TimeSeries,http://dap.onc.uvic.ca/erddap
0,scalar_118534,49.0397416667,-123.4260166667,300.0,300.0,salinity,Temperature,TimeSeries,http://dap.onc.uvic.ca/erddap
0,scalar_118706,49.0397416667,-123.4260166667,300.0,300.0,,,TimeSeries,http://dap.onc.uvic.ca/erddap
0,scalar_1189383,49.0373833333,-123.4275666667,300.0,300.0,salinity,Temperature,TimeSeries,http://dap.onc.uvic.ca/erddap
0,scalar_119304,49.0402,-123.4260333333,300.0,300.0,,,TimeSeries,http://dap.onc.uvic.ca/erddap
0,scalar_1189845,49.0402383333,-123.4263766667,299.0,299.0,,,TimeSeries,http://dap.onc.uvic.ca/erddap
0,scalar_1191081,49.040066666,-123.425825,297.0,297.0,salinity,Temperature,TimeSeries,http://dap.onc.uvic.ca/erddap
0,scalar_1192561,49.040057,-123.425785,300.0,300.0,salinity,Temperature,TimeSeries,http://dap.onc.uvic.ca/erddap
0,scalar_1193974,49.039981666,-123.425918333,294.0,294.0,,Temperature,TimeSeries,http://dap.onc.uvic.ca/erddap
0,scalar_1195089,49.039981666,-123.425918333,294.0,294.0,,Temperature,TimeSeries,http://dap.onc.uvic.ca/erddap
0,scalar_1196838,49.04068317,-123.42580933,298.0,298.0,salinity,Temperature,TimeSeries,http://dap.onc.uvic.ca/erddap
0,scalar_1201124,49.0400157,-123.4254499,296.0,296.0,salinity,Temperature,TimeSeries,http://dap.onc.uvic.ca/erddap
0,scalar_1189384,49.0373833333,-123.4275666667,300.0,300.0,,,TimeSeries,http://dap.onc.uvic.ca/erddap
0,scalar_1196842,49.04068317,-123.42580933,298.0,298.0,,temperature,TimeSeries,http://dap.onc.uvic.ca/erddap
0,scalar_1201125,49.0400157,-123.4254499,296.0,296.0,,temperature,TimeSeries,http://dap.onc.uvic.ca/erddap
0,scalar_1206470,49.04002565,-123.42551274,294.0,294.0,,temperature,TimeSeries,http://dap.onc.uvic.ca/erddap
0,scalar_1195095,49.085095,-123.330155,109.0,109.0,,temperature,TimeSeries,http://dap.onc.uvic.ca/erddap
0,currents_1195095,49.085095,-123.330155,,,,,TimeSeries,http://dap.onc.uvic.ca/erddap
0,scalar_1205432,49.08509726,-123.33016507,110.0,110.0,,temperature,TimeSeries,http://dap.onc.uvic.ca/erddap
0,currents_1205432,49.08509726,-123.33016507,,,,,TimeSeries,http://dap.onc.uvic.ca/erddap
0,scalar_1542,49.0911916667,-123.3191566667,41.0,41.0,salinity,Temperature,TimeSeries,http://dap.onc.uvic.ca/erddap
0,scalar_117954,49.0912216667,-123.31907,40.0,40.0,salinity,Temperature,TimeSeries,http://dap.onc.uvic.ca/erddap
0,scalar_117549,49.0871416667,-123.3302516667,107.0,107.0,salinity,Temperature,TimeSeries,http://dap.onc.uvic.ca/erddap
0,scalar_118041,49.0841633333,-123.3292083333,108.0,108.0,salinity,Temperature,TimeSeries,http://dap.onc.uvic.ca/erddap
0,scalar_118519,49.08422,-123.32911,108.0,108.0,salinity,Temperature,TimeSeries,http://dap.onc.uvic.ca/erddap
0,scalar_118663,49.084217,-123.329174,110.0,110.0,,,TimeSeries,http://dap.onc.uvic.ca/erddap
0,scalar_1189114,49.0849816667,-123.3298616667,110.0,110.0,salinity,Temperature,TimeSeries,http://dap.onc.uvic.ca/erddap
0,scalar_1189815,49.080636666,-123.339545,148.0,148.0,salinity,Temperature,TimeSeries,http://dap.onc.uvic.ca/erddap
0,scalar_1190261,49.085085,-123.329758333,110.0,110.0,,,TimeSeries,http://dap.onc.uvic.ca/erddap
0,scalar_1191117,49.08495,-123.32972,110.0,110.0,,,TimeSeries,http://dap.onc.uvic.ca/erddap
0,scalar_1191791,49.084906666,-123.329883333,108.0,108.0,,,TimeSeries,http://dap.onc.uvic.ca/erddap
0,scalar_1192459,49.084986,-123.3301026,114.0,114.0,,,TimeSeries,http://dap.onc.uvic.ca/erddap
0,scalar_1192742,49.085007,-123.330181,113.0,113.0,,,TimeSeries,http://dap.onc.uvic.ca/erddap
0,scalar_1193964,49.085071666,-123.330213333,107.0,107.0,,,TimeSeries,http://dap.onc.uvic.ca/erddap
0,scalar_1195096,49.085095,-123.330155,109.0,109.0,salinity,Temperature,TimeSeries,http://dap.onc.uvic.ca/erddap
0,scalar_1201239,49.0850736,-123.3300992,109.0,109.0,salinity,Temperature,TimeSeries,http://dap.onc.uvic.ca/erddap
0,scalar_1205433,49.08509726,-123.33016507,110.0,110.0,salinity,Temperature,TimeSeries,http://dap.onc.uvic.ca/erddap
0,scalar_1191114,49.042623333,-123.31678166,166.0,166.0,,Temperature,TimeSeries,http://dap.onc.uvic.ca/erddap
0,scalar_1195056,49.042525,-123.31664333,162.0,162.0,,temperature,TimeSeries,http://dap.onc.uvic.ca/erddap
0,currents_1195056,49.042525,-123.31664333,,,,,TimeSeries,http://dap.onc.uvic.ca/erddap
0,scalar_1196866,49.04258029,-123.3166456,168.0,168.0,,temperature,TimeSeries,http://dap.onc.uvic.ca/erddap
0,currents_1196866,49.04258029,-123.3166456,,,,,TimeSeries,http://dap.onc.uvic.ca/erddap
0,scalar_1201145,49.0431056,-123.316847,164.0,164.0,,temperature,TimeSeries,http://dap.onc.uvic.ca/erddap
0,currents_1201145,49.0431056,-123.316847,,,,,TimeSeries,http://dap.onc.uvic.ca/erddap
0,scalar_1206427,49.04314848,-123.31687331,164.0,164.0,,temperature,TimeSeries,http://dap.onc.uvic.ca/erddap
0,currents_1206427,49.04314848,-123.31687331,,,,,TimeSeries,http://dap.onc.uvic.ca/erddap
0,scalar_22703,49.0421267,-123.317605,169.5,169.5,,Temperature,TimeSeries,http://dap.onc.uvic.ca/erddap
0,scalar_1566,49.0421833333,-123.31765,170.0,170.0,,Temperature,TimeSeries,http://dap.onc.uvic.ca/erddap
0,scalar_30141,49.041895,-123.317585,169.0,169.0,,Temperature,TimeSeries,http://dap.onc.uvic.ca/erddap
0,scalar_117441,49.0422,-123.3176,170.0,170.0,,Temperature,TimeSeries,http://dap.onc.uvic.ca/erddap
0,scalar_117535,49.0422,-123.3176,170.0,170.0,,Temperature,TimeSeries,http://dap.onc.uvic.ca/erddap
0,scalar_117865,49.0433566667,-123.3191566667,174.0,174.0,,Temperature,TimeSeries,http://dap.onc.uvic.ca/erddap
0,scalar_118056,49.0421816667,-123.3172516667,170.0,170.0,,Temperature,TimeSeries,http://dap.onc.uvic.ca/erddap
0,scalar_118584,49.0422483333,-123.3177316667,170.0,170.0,,Temperature,TimeSeries,http://dap.onc.uvic.ca/erddap
0,scalar_118693,49.0421583333,-123.31776,170.0,170.0,,Temperature,TimeSeries,http://dap.onc.uvic.ca/erddap
0,scalar_119297,49.0427116667,-123.31702,169.0,169.0,,Temperature,TimeSeries,http://dap.onc.uvic.ca/erddap
0,scalar_1192429,49.042717,-123.316688,170.0,170.0,,Temperature,TimeSeries,http://dap.onc.uvic.ca/erddap
0,scalar_1193917,49.04261333,-123.316795,164.0,164.0,,Temperature,TimeSeries,http://dap.onc.uvic.ca/erddap
0,scalar_1195060,49.042525,-123.31664333,162.0,162.0,,Temperature,TimeSeries,http://dap.onc.uvic.ca/erddap
0,scalar_1201148,49.0431056,-123.316847,164.0,164.0,,Temperature,TimeSeries,http://dap.onc.uvic.ca/erddap
0,scalar_22702,49.0421267,-123.317605,169.5,169.5,,,TimeSeries,http://dap.onc.uvic.ca/erddap
0,scalar_1565,49.0421833333,-123.31765,170.0,170.0,salinity,Temperature,TimeSeries,http://dap.onc.uvic.ca/erddap
0,scalar_30140,49.041895,-123.317585,169.0,169.0,salinity,Temperature,TimeSeries,http://dap.onc.uvic.ca/erddap
0,scalar_117436,49.0422,-123.3176,170.0,170.0,,,TimeSeries,http://dap.onc.uvic.ca/erddap
0,scalar_117534,49.0422,-123.3176,170.0,170.0,,,TimeSeries,http://dap.onc.uvic.ca/erddap
0,scalar_118231,49.0433566667,-123.3191566667,174.0,174.0,salinity,Temperature,TimeSeries,http://dap.onc.uvic.ca/erddap
0,scalar_118055,49.0421816667,-123.3172516667,170.0,170.0,,,TimeSeries,http://dap.onc.uvic.ca/erddap
0,scalar_118583,49.0422483333,-123.3177316667,170.0,170.0,,,TimeSeries,http://dap.onc.uvic.ca/erddap
0,scalar_118692,49.0421583333,-123.31776,170.0,170.0,,,TimeSeries,http://dap.onc.uvic.ca/erddap
0,scalar_1189381,49.0396333333,-123.3146833333,168.0,168.0,salinity,Temperature,TimeSeries,http://dap.onc.uvic.ca/erddap
0,scalar_119296,49.0427116667,-123.31702,169.0,169.0,salinity,Temperature,TimeSeries,http://dap.onc.uvic.ca/erddap
0,scalar_1190289,49.04316,-123.316836666,170.0,170.0,,,TimeSeries,http://dap.onc.uvic.ca/erddap
0,scalar_1192428,49.042717,-123.316688,170.0,170.0,,,TimeSeries,http://dap.onc.uvic.ca/erddap
0,scalar_1193916,49.04261333,-123.316795,164.0,164.0,salinity,Temperature,TimeSeries,http://dap.onc.uvic.ca/erddap
0,scalar_1195057,49.042525,-123.31664333,162.0,162.0,salinity,Temperature,TimeSeries,http://dap.onc.uvic.ca/erddap
0,scalar_1196867,49.04258029,-123.3166456,168.0,168.0,salinity,Temperature,TimeSeries,http://dap.onc.uvic.ca/erddap
0,scalar_1197614,49.04258553333,-123.31657881666,166.0,166.0,,Temperature,TimeSeries,http://dap.onc.uvic.ca/erddap
0,scalar_1201146,49.0431056,-123.316847,164.0,164.0,salinity,Temperature,TimeSeries,http://dap.onc.uvic.ca/erddap
0,scalar_1206500,49.04314848,-123.31687331,164.0,164.0,salinity,Temperature,TimeSeries,http://dap.onc.uvic.ca/erddap
0,scalar_1189382,49.0396333333,-123.3146833333,168.0,168.0,,,TimeSeries,http://dap.onc.uvic.ca/erddap
0,scalar_1190293,49.04316,-123.316836666,170.0,170.0,,,TimeSeries,http://dap.onc.uvic.ca/erddap
0,scalar_1196871,49.04258029,-123.3166456,168.0,168.0,,temperature,TimeSeries,http://dap.onc.uvic.ca/erddap
0,scalar_1197622,49.04258553333,-123.31657881666,166.0,166.0,,temperature,TimeSeries,http://dap.onc.uvic.ca/erddap
0,scalar_1206501,49.04314848,-123.31687331,164.0,164.0,,temperature,TimeSeries,http://dap.onc.uvic.ca/erddap
0,scalar_1191803,49.042685,-123.316833333,165.0,165.0,,Temperature,TimeSeries,http://dap.onc.uvic.ca/erddap
0,scalar_1191802,49.042685,-123.316833333,165.0,165.0,,,TimeSeries,http://dap.onc.uvic.ca/erddap
0,scalar_1189138,49.042815,-123.31785,170.0,170.0,,,TimeSeries,http://dap.onc.uvic.ca/erddap
0,scalar_1190209,49.042513333,-123.317755,172.0,172.0,,,TimeSeries,http://dap.onc.uvic.ca/erddap
0,scalar_1189824,49.0400383333,-123.4254866667,297.0,297.0,,,TimeSeries,http://dap.onc.uvic.ca/erddap
0,scalar_1192544,49.04026333,-123.425415,300.0,300.0,salinity,Temperature,TimeSeries,http://dap.onc.uvic.ca/erddap
0,scalar_1191108,49.042623333,-123.31678166,166.0,166.0,,,TimeSeries,http://dap.onc.uvic.ca/erddap
0,scalar_117343,48.813975,-125.2811933333,100.0,100.0,,,TimeSeries,http://dap.onc.uvic.ca/erddap
0,scalar_1202479,48.651396,-123.486348,93.0,93.0,,Temperature,TimeSeries,http://dap.onc.uvic.ca/erddap
